Samsung Galaxy S21 Plus 5G DS 128/256GB Unlocked All Colours Good ConditionOpens in a new window or tab,$410.64,https://www.ebay.com/itm/384662146371?epid=7043692137&hash=item598fa68d43:g:ElgAAOSwdpZihfuy&amdata=enc%3AAQAHAAAA4OCX6d0EE%2BybnFtWdg%2BS60WVld0xovUZstHE1E6SaJtrhIFXXTDAdQ3V%2FlYJL%2Fkkch37iTI6Q%2FLURn42l%2FOio%2BIy%2Furk5GoNGO9MyKrCo%2FifLxpQvfeqosrFUxjA8QS3TxNLQCefOdD9SM5hl9hEyP6zUpSC0gKrC3Ak%2BbDaZ9NW115b%2B4tFJA8BhL3Sh0iw2g3YRDpvlBmCXJ0UKoUWZykvZGXlsvO8YFoTWzYm2ttsojS%2F2hl9lzrFTmNgoPPWnvczLvN79yW85Rhkdgm%2FYy4ny5tJYf4FvIi6E2BfUk5r%7Ctkp%3ABFBMoIu8tOtg
Samsung Galaxy S20 5G G981B/DS 128GB Dual SIM Unlocked All Colours GoodOpens in a new window or tab,$285.1,https://www.ebay.com/itm/384430918470?epid=23036897273&hash=item5981de4b46:g:QK0AAOSwdtRihfqa&amdata=enc%3AAQAHAAAA4JsaQtsELqGLmWX9JYo0wECB2Bqi59RVdH5DVdQAVj2UKZfCB%2Fr8F33bu6vJ3AwX7kg8eu9iCQv0w4LQ56nLyLdcerJ7o1DDCdIsVuFOHn6ohOulSXqBRbr1pC0cK4DQPPNiYGuKVGTVOikTrtlzvvaXPMWa7iFlJC6W2azHbgNSlAk3%2F8v5lswEKk%2F29CjpmTfZQyhvc8aen%2Fc4IUdOiLKEF5tOH3PH8vTubjTEZTdl%2BU7P63L9MxSB3o0G0vZvKOWDy%2BnJGN3K8Ee341u6Vw5hygIjHn9O9Si7vNsVLWE4%7Ctkp%3ABFBMoIu8tOtg
Samsung Galaxy S20 G980F/DS DUAL SIM 128GB Unlocked All Colours Good ConditionOpens in a new window or tab,$273.7,https://www.ebay.com/itm/384621529114?epid=21036891496&hash=item598d3ac81a:g:OL0AAOSwZ21ihfu6&amdata=enc%3AAQAHAAAA4A4iN35JkHWeznxLuJERI1F80nB1WWHkAnnZ2ZDy2GdQH2%2FmXGZgX4MC8JIXMVD21WZ1emAvCsTo2q1TIXvzRDs1E%2FSl57xhUUYiSSRDYq1kDBy5FAocklbpmunVXQCAZVnkqE5gb8Asw64hDpWFy4XQowmMuFkvg%2Fycbh%2BGojeEerc%2BYnKjhkp03Qh7jtSRlsGl3osRNLDMaAPzqIPhnvbi3OA32z7x876zSKxpsvqrj%2Bi5QH9xRdkASa2qSjJ6CRYn2vysLxAKPrHPitzdPvQiUdvPKqKFVYe%2FCGJoDRNS%7Ctkp%3ABFBMoIu8tOtg
Case Friendly Tempered Glass Screen Protector For Samsung Galaxy S22 ULTRA Opens in a new window or tab,$9.11,https://www.ebay.com/itm/275222866535?hash=item40148faa67:g:FvsAAOSwN8hgoSnf&amdata=enc%3AAQAHAAAA4CqHnLK1ITouIQU9Sg9BIpYsppRr3saVPUP766t9hGoAv7ocYDk06O6azoQ7iPlUqDM4VMk%2BhTy%2FigFXmc%2FOfZxyjblEEqvnIbK6LS3THx1CbcyZzhHhvy8xMR5P83BIQwgnn%2BFpS5ILTmRxjy%2FtezN%2FRD%2B3%2FhIfmKXHv4Z3jztJpXihKvZ%2FKDuwj70RzqGfocEZCy0hR6iPHoiFdgsc9wfXJaqvgB%2FXlqry%2B3vJeAF1t6LyYJb1ONLzq1Y8etG4GbxwPK5KA6Mp5LKFgSC50fdAAkcs9stxnPAROfIFOmPt%7Ctkp%3ABFBMoIu8tOtg
New ListingSamsung Galaxy Z Fold4 - 256GB - Graygreen - New - Unlocked	Opens in a new window or tab,$966.21,https://www.ebay.com/itm/175421645669?hash=item28d7f1e365:g:D28AAOSwg3ZjKcKK&amdata=enc%3AAQAHAAAAoMhjTxqolPG%2FGkm6ink0IaD2xpyBLlKJD3Y38bymv5J%2FqRSnWPZ8HvYmspau%2BSFz9pZDS7%2FJI4agl%2FrQQaACb9jBRjAzC4%2FnHsmLX5eL4mYDOA%2F%2BiuYsECgU5EnVPdlilhNdJJtCz7fD34Y5%2FSI0rYh%2F8wZl5CA8prr26NNYpZnAb5Pl8hNp5ZguErHVM%2BIEP7VB9mROzgRhFMGBhBLR4T0%3D%7Ctkp%3ABk9SR6CLvLTrYA
New ListingSamsung Galaxy Z Fold3 5G SM-F926B - 256GB - Phantom Black (Unlocked)Opens in a new window or tab,$736.49,https://www.ebay.com/itm/334566911511?epid=3048614988&hash=item4de5bdee17:g:9S0AAOSwc11jKbi7&amdata=enc%3AAQAHAAAA4CoNrd1IJd7ugMgLcpSMxwVc6yGliODSEBafNh7kCA25GAKHckDYOA8xO1BPbLEFcWIJwyz8aFyU4GhweXb3A%2BtY72POl5Ig0fuYfqZe6I8hi43UxOY14%2BDxXm4CAixH2K5sJV0IVUZif9Kd%2BDXhwLyFXhj9730vWuAyqJtLZhQ8MATloZ1I9o1mN06s1vGnLgQzmjDYXFiQKoitdE7q3Ck00Boj24iI6quYxZh295a%2BvSIywnxzRA9Md3rc6rvxCVe8fajy458zxl9Yj%2BPclsKF875gFY%2FnL6e740erp0bg%7Ctkp%3ABk9SR6KLvLTrYA
Samsung Galaxy Note 10 + Plus 5G SM-N976B 256/512GB Unlocked Good ConditionOpens in a new window or tab,$342.20,https://www.ebay.com/itm/265311226310?epid=19033747286&hash=item3dc5c809c6:g:UbMAAOSwrNpihfS2&amdata=enc%3AAQAHAAAA4KjjnHUqr62r5IhmUveILjPi34TuXfsXYmIozStKo8jWQdxoMs8cDhdwXduJeeFrWMZm4lV%2B11oq17c3ZchgNJfNWnTxBvnc3MLeptEBP1mhE8%2BL50BSLjijqIvSlLRMozudgwDWu%2F3tZHUkbv%2BR8wJe0xRyK6JJV%2BxAxZ%2BhtoX8t37Fwm0xBgzB5UzRl%2BHxDv3F9ZJb0yxeZF4EVnjEmaVVcqzj0KQv%2FHoZswCVV%2BusHGBzNC8svFRN42T34SThc6Yw7itOYmC91%2BuvcRzBSEP7i1wfY6NbHwvKFgQUhgtP%7Ctkp%3ABk9SR6KLvLTrYA
Samsung Xcover GT B2710 Ohne Simlock Robustes Tasten Handy Kein VertragOpens in a new window or tab,$19.97 to $50.05,https://www.ebay.com/itm/265288563698?epid=167174468&hash=item3dc46e3bf2:g:sXUAAOSw1Q5hE7vw&amdata=enc%3AAQAHAAAA4G28xUALz9qP7Xz9CKujqYq5YP5Cmp01dvqXzcDmKmKosjFbcntrInPOAZQUPL%2FN27tcgEJBOtnRzpgEhPzKCQpAeGmeWlIjagM6u%2FXDw8mt%2BpuXzX%2Fc5Mc6uJwoait8vFt0Jat7CCd0UdUfdIztVlYc5ux0qxCMp%2FhcgLdSH9P5sVOqFsEqG5VOvwF92tIAulvW0M8A%2F6pKOU9cQMAQoVHUpWPGP4kf%2Bq2FwQbi93spVu9%2FRA3MWxgKI8j9PJKQjJ1Nmy5phgp1swKFMmiP5k1iqi0Z49x3qKoNQv2qoEi%2B%7Ctkp%3ABk9SR6KLvLTrYA
Samsung Galaxy S20+ Plus 5G SM-G986B/DS 128/256/512GB Unlocked GoodOpens in a new window or tab,$306.84,https://www.ebay.com/itm/203787157247?epid=16037751424&hash=item2f72a93eff:g:7-kAAOSwcrph3CLJ&amdata=enc%3AAQAHAAAA4HWj6Yv7Fczya1d9j4I6OH77CmF2FFHwygBDWW0jro2fk4zEm5g2S9zD7nSKhY6G7fXMA7BPjVoznBATKOn2Um%2F64L7PcJcKZvgZL6zQ63nm9wogfaxRA8vR%2BCw8rcksh%2FK9JGwpPnJZ8ZH4hbQ%2BAKawoNn8hMV0O9DlSOkuKXCqElMGUXMHOZ21OXry3rkVv7Z6dSlmiTihvNjqN5TXbQyybQ6mZCZsDD4qNhN3jioDs1B7wL3fAdGZVu1fFIe2O8npblAjhglXAt05lThVCZ678yyUiLanKOMj77j91Rpw%7Ctkp%3ABk9SR6KLvLTrYA
New Listingsamsung s9 Nero usatoOpens in a new window or tab,$130.1,https://www.ebay.com/itm/175422104553?hash=item28d7f8e3e9:g:vtAAAOSw~i1jDcJ-&amdata=enc%3AAQAHAAAAkGID2EM0aP5mqxpSiNd6M5YpnESou45rol63V2PaAz0tKzQRX9y8hDbqd79KSfCE438nscqAbLCFMTLMA6zIIcAv31qkljTz%2F232wWm7NzZkOFo3MDldhhcUSwOjyfNRgHNuFCj56%2Fz%2FZypsPiepCaW%2BWY6Suxjn%2Bm6dgQVudRabOv01gsBCEtmgktXKaImGQg%3D%3D%7Ctkp%3ABk9SR6KLvLTrYA
Samsung Galaxy Note 10+ Plus 4G / 5G 256GB 12RAM Unlocked Android GRADEsOpens in a new window or tab,$353.62 to $422.0,https://www.ebay.com/itm/294966479751?hash=item44ad5f4b87:g:Y1cAAOSwrhJiK2Y2&amdata=enc%3AAQAHAAAA4HoMdshKZY5hN%2BygkaadkgnVeh9JXFHNgt1opF7XPfWBFPLvt8qQcahycBzogf6mmO71b9l7ZWZ2OodVst%2BHZkVF3Ow7CFxQeiQSAlE444fGQcv3RUhPbuaCTh0awqftxWyl5iR6f3Af%2FzKIn5hoKq0ViMd0Ag9OeGeN4qtSdWl1Xe4VGOCoHQly5AHa%2BVNIp1Ax2F53Y8HgjycZDgk3Xyk37Oaf8hYHRFm0nuWJdnRwiIV%2B57KEIwVj7ht%2BfmIvbUXGZGC707X742qXPx3tSoyh92EOOQxzs%2BkAbnL8JUnq%7Ctkp%3ABk9SR6KLvLTrYA
New ListingSamsung Galaxy A10 - 32GB - RossoOpens in a new window or tab,$10.01,https://www.ebay.com/itm/374264678021?epid=18032127546&hash=item5723e9c685:g:HowAAOSwWiFjKcj-&amdata=enc%3AAQAHAAAA4A7YAklcZklh%2Fy8xlD2Eu%2BCUh7K7ks3zQYZmTCVU%2Bo%2B%2B1JRUACfhc9%2BO59t16ZJ7ihtmTf6L2pAl3ZwpK9%2FZaATsawUIsPBK%2F7LvBQirwtfZBygyf19%2Bo0Uq85B8C%2FqW3uI330R3VnsVqtMB61BlKccUG7mBiZjYkYTu1S0sHon48mh4gTIFsWXHvXmG3Lli7oWEjQAviOjlFjjNmdA1vyTJbydUjaFhbf1Xuy9VlyZ85QZ8vhKBzHtT5fsYQGQBNOFUrJKeau%2B0riBuaSKJJQ1aUIyP%2B49F6OsvMB33Actt%7Ctkp%3ABk9SR6KLvLTrYA
Samsung Galaxy S22 5G SM-SS901N 256GB Factory Unlocked Snapdrag ⭐Tracking⭐Opens in a new window or tab,$693.19,https://www.ebay.com/itm/353932565715?epid=17052281015&hash=item5268065cd3:g:80oAAOSw3yliGGwA&amdata=enc%3AAQAHAAAA4Hwcwm1i60%2BAHzr5Ov7BIIa1iFU193gjWkojKOafDVbHZCM4T60aN%2BEtNB%2BMXD4iUgN6Ru1%2BqNMnB1LoQSAjg7WoMdRzewRBj2lT8ovbJaZVsIPFrQQRXgMtDSvsiZ9FfRXWKVhLLOJQyVgVPJdKW7Ibc%2B0clJxRC%2FiRPenAf96o5NLTObXkBc8SsDrj7O5nFidYHIu8SghhvDhWvVQGf0Nd%2FFdba0ogsczvHJPbfMVT20EfuVNvitYgS%2FYN27RciT1uikr0x8QmZqcoO6JV1nC72aud8mfK1CH4ZkBsm6Rt%7Ctkp%3ABk9SR6KLvLTrYA
Samsung Galaxy SM-G973U S10-128GB Factory Unlocked Us cellular Smartphone Opens in a new window or tab,$182.99,https://www.ebay.com/itm/125469970587?epid=11037923147&hash=item1d3697d09b:g:PUMAAOSwQspi~cPt&amdata=enc%3AAQAHAAAA4KiZIJeySYd%2FiBf%2BVqSGVY2GOlOc4%2Blsw9R5J3KHsiil2S%2FIrd5fUdlCI8o9t0Egw94SvWOQZj419NRHhCzmY1n5PLJVwqsc8zE46wbKEwI4PFrjX4QdeqBOM%2BdsLE5CPBWQeeRKTlreZEWNXlXYvTzv%2BDgcEWDSQw%2FdQSnfEwdzt%2Fl6wyibPs0%2B0eQ%2FPzqxeUfu3Gk2hhi6kSoe7MQB0%2BIofife09cC151aO%2BPy5nB33xmgLUKWOOM1Otp5jLIl%2FqqJGPHZz%2BelGghe%2BuNGYQTysMIrYRU5W3APTT5sAgNR%7Ctkp%3ABFBMoou8tOtg
Samsung Galaxy S20 SM-G980F/DS 128GB Cloud Pink Unlocked Dual SIM Smashed 787Opens in a new window or tab,$171.09,https://www.ebay.com/itm/225136677236?epid=21036891496&hash=item346b311174:g:Ym0AAOSw22FjCbef&amdata=enc%3AAQAHAAAA4KsEBLsKA8%2B4zpnTzoUAHfYRkrue1aY8MmYqBXtlOMqUXJIbnvoKLiIW6HlEsRudBbfQOBNt0btjvSHBGavtPopML7RIIul7CZfVg9g%2FRLlz6UAQSy9s9LSko%2B2C4EniGM2%2Fo5W%2BuXwCxgRESxGBYgimPhBXR2pVgrAQlpDCuQRZcCwNY2skBbM64wZTcpwnQ9xpVnEr0kr%2BLA4zDqZN%2FdfHps0ac7LDJ9yBWNBRN6ic1jpAhx6KfpZZIIVuQuJQmyf%2B0NLDmfSK1E8t9O0yA6JylGJnxG7oOjiDlehBvtj0%7Ctkp%3ABFBMoou8tOtg
Android Samsung Galaxy Folder2 SM-G1650 Big Keyboad Dual SIM 4G LTE Flip PhoneOpens in a new window or tab,$158.89,https://www.ebay.com/itm/363143469313?hash=item548d099901:g:7Z4AAOSwRsJc2BqZ&amdata=enc%3AAQAHAAAA4KJ22NaNXQh2wihGrjXde7QeqwuzZCbf5TOEa4WUwweAmMeYzkm0M7rYcF2rDBML0TXE3tRBoQvYefkTHibJHhySDUFKYkHmh8a9pEaw7qQ5HzosTSyBERfsaCPaGO8LKlGRQ0Ko%2F3Ts%2B2bGyjd0iQae4n1yO3Z61IziwADb6Y7tO1KirBbOpoI%2FNvvz5BxDq3P31bcUP9Q6cXOYcnHdKwwINlb%2F11VxVAkSrUnZ2sLWOhGfuCWkvEi5zEXH4Qehp1fPcg%2BfJD46DDPBa1fA%2BBC%2B8BaF1yV6w4jruZxAfOlO%7Ctkp%3ABFBMoou8tOtg
New Listingsamsung galaxy s20 5g sm-g986b/ds - 128gbOpens in a new window or tab,$102,https://www.ebay.com/itm/325349682001?hash=item4bc05a2b51:g:e00AAOSwTFRjKXRz&amdata=enc%3AAQAHAAAAoAOgqTKzi9rJCa8mKjjz1VafpORYRBGlQ%2FA9hHYbDFa8seKC8OvukU3gFQefZM28YplZJLhTVvKlt3Q8%2BSvAejr13%2BypyWJWIIWryXm88LrLiyh9YEb6Yq%2FmJAfgAc5za3lM8BiEBoUVGYMaZwSK5DmgifIugcjzCGyvF9GjZbk4SwO33Z8gNhmu3%2F8mTlGZlLi2vuLfMTav6zRFxEE1I3o%3D%7Ctkp%3ABk9SR6KLvLTrYA
Samsung Galaxy A71 / A71 5G | 128GB | AT&T ONLY or GSM Unlocked  GOOD 7.5-8.5/10Opens in a new window or tab,$92.66 to $162.8,https://www.ebay.com/itm/255108542339?epid=17038047546&hash=item3b65a76f83:g:euMAAOSwIl9i6S8U&amdata=enc%3AAQAHAAAA4FeRdJxzJInwbhFdMXhOrAocqLo%2BKOYwHNn05OcYgYKj%2F3GDLu2ZyockHrp6KdUYwPBQrwu7B%2F5nGbU%2FHi5ATJzgpoX%2F1Qcb8sgnstpHldPNvSr1prMKGr7fPB2ilmjAv9kxjebc%2BNp2cPV3UTYocrV%2B4QnU4dXsrtcGQgJClqD58iv2%2BCpcTggEWiLYkVAITw5a6NdwLaleG3khN74dicIHp4lkZ99PXxYkN8llldOlt0bC5l5nwQxsooFefM%2BLq6UVTz%2FoA%2B5SGFCIkNiT4%2BEHrxsMyE%2F7JMGvBnzB6rFD%7Ctkp%3ABk9SR6KLvLTrYA
Samsung Galaxy S10 S10e S10+ S10 5G 128-1TB T-Mobile OR Unlocked FAIR 5-7/10Opens in a new window or tab,$116.06 to $243.8,https://www.ebay.com/itm/255580639352?epid=12051453707&hash=item3b81cb1078:g:Tg8AAOSw-39i6Tkm&amdata=enc%3AAQAHAAAA4KN7O2g7iF6hHAWjeNKQ5TYIrwK2a6%2B41%2FfitaWeQcJwAjLObF9dyRFS9YSQEWmnmC5Vqz1WZHfhyVBZ%2BL4lTY9LPgZ8VZ2D1OYYTaH%2Fppvn70dwg8e7dijJCSOp0rpOWfyuCYvn4yMWn2QqNxl7fpa2hDN13jLFBYckvygg4%2FUu8Bx%2BVoFUn8gtLd3jp01l2ChdACSbtvki1oGUazFvUAUS94dO1zTmNg20nUUP5SL6aVoK7ieXumlex4zwU3VR7%2BCljXUuQi6q7amGAsv2KLJN0WFFlbd3sbjlMa1nkVMz%7Ctkp%3ABk9SR6KLvLTrYA
New ListingSamsung Galaxy Z Fold4 SM-F936U - 512GB - Phantom Black (Unlocked)Opens in a new window or tab,$728.00,https://www.ebay.com/itm/185587634370?epid=7055660513&hash=item2b35e290c2:g:ybYAAOSwF59jKL69&amdata=enc%3AAQAHAAAAkC3dFjUdN1j%2FurrvWjb2WlAVXmMlxQqmLhO45sHaNnZwiQ%2FCN%2B9Y%2BuBtFTR9ffGrUMVb6uTpFspG3ifotI6Kly5aamlyOshCJZ%2BJGxbsgDjmTRjtYGPtRVyTKNZBARAy2nXqy9tX6wVpKJxU7tX6fT%2BSXdNQpW0g10JRxx3lRaC%2Fy2K5dtMU3XrbAP%2B4pl9qlw%3D%3D%7Ctkp%3ABk9SR6KLvLTrYA
Samsung Galaxy S20 / S20+ 5G / UW |128GB Verizon or GSM Unlocked FAIR 5-7/10Opens in a new window or tab,$247.45 to $282.5,https://www.ebay.com/itm/265797962684?epid=18036922364&hash=item3de2cb0bbc:g:rCAAAOSwGAti4DBc&amdata=enc%3AAQAHAAAA4LI7d6Xs%2FU2hK4TUAHxh7%2FJG7sq0eLQQfx5%2BhSE73xp2R6X2zf7LBveOkLU5bdfB6y1tSsL1LJzB1z2jrFkiNLP8RT7g784xCN9ByOgjgpylsrySjr9gRoq1ShEUclV46gIQaVwEZ3J%2BYPrPbUsVYGxO0haW2hiL2MNJhbcCSslGZIotM85a%2BLrN4OuXrUD5dGV%2Fepf9Cy4mF5czHBcgYNOSbwWPRizh8tBPjiCQDQy8WinK%2Bpl8sstYI%2F2LCLqRHmL6amJ4ZToBiklkWYV7gLSseJNLY8e5Z5VUAEfa32G3%7Ctkp%3ABk9SR6KLvLTrYA
Samsung Galaxy Note 9 N960U 128GB Verizon Factory Unlocked SmartphoneOpens in a new window or tab,$119.99,https://www.ebay.com/itm/325334675201?epid=9025368407&hash=item4bbf752f01:g:zH0AAOSwzp1d8TJ5&amdata=enc%3AAQAHAAAA4CYrwY%2BtVsiuWr%2BkB5BgfF9HXww9wXX0mhik%2F7aA7mp5tcI8avppQ5%2BsNHu9h3sMGbKjcR%2FIzmYk3Bi5gYRapu%2FVqRd5UAIaNnmY%2F550ZgwxHO3bmDNUcm7K9w0kag7ToLWz609zswxDMLWcOdzcXvohw5k1v4C5mkmap%2FFuULeNnlxGsdw6jDTT0ml2%2BRPQ948PKp7lmvCTMgsUPotJJ4KdYuWzQLmpuwnQ7%2FwaAXaWD9X8eZoH%2ByD52T9ZptxxIx0FmrQHQn7bn7j%2BFbfYBesePRWijdF1gvHVqH25JN4t%7Ctkp%3ABk9SR6KLvLTrYA
Samsung Galaxy S10/S10+ Plus - 128GB - All Colors - Factory Unlocked - ExcellentOpens in a new window or tab,$114.99 to $135.65,https://www.ebay.com/itm/175371564488?epid=8032431086&hash=item28d4f5b5c8:g:0VAAAOSwAu5i2ApE&amdata=enc%3AAQAHAAAA4LgGnZl4V5dfMSjKg7A2Ur8InH9hve%2BsUpwQPzKQFr5ZF3s%2Fpeth7oqe3u444%2BaQEp6JrcuElLyFTAezyCykC0HYyeTUn1B0TGsSz1dK8KwP2BwUSPb0MNt4iPJI0Dvw7vzDIsT4xdNKM9xw7eXjsJ9y9bJOzOlQrFd7KhyzDb80AIhOorcEClM8%2FbRby6g7H8uWzxFOBf00eHoGIj0bZNgM0gazNmCrOwRg9MTN8BMo2pQ27tMvDgnlkrSfB1tfX8cVyJvEJm0guaG%2BlpvyfWFSGYave0cSNY2IJT474WwI%7Ctkp%3ABk9SR6SLvLTrYA
New ListingSamsung Galaxy S20 FE SM-G780F/DS - 128GB - Rot (Ohne Simlock)Opens in a new window or tab,$280.35,https://www.ebay.com/itm/354289045795?epid=4041196271&hash=item527d45d123:g:kX0AAOSw0AFjKHp5&amdata=enc%3AAQAHAAAAoOm0BnY0gkOy%2Bp5mrGRnSk6HIW2Okx%2FJdneLrlcr7562%2BhiiF%2BHx%2FVXLVTK2Q02tfHEzz2CTtH19P6vW0i9D0HjuFgNmQ%2B1EicXUQNpLw20U0vPeoEHgDuoC3e9a%2FKwDg5XG4WwzBVzwi7YnOAmQxPKG0kSiuTk%2FBJoUg3pREvV4UUaxM8WqEdJ7kp8yKr%2BABSzLGjPCbNou84no7PUcnQQ%3D%7Ctkp%3ABk9SR6SLvLTrYA
New ListingSamsung Galaxy S20 FE 5G SM-G781B/DS - 128GB - Cloud Lavender (Unlocked)Opens in a new window or tab,$91.2,https://www.ebay.com/itm/225170840745?epid=8041205319&hash=item346d3a5ca9:g:tkMAAOSweYJjKYZV&amdata=enc%3AAQAHAAAAkKGugrgjga05Gdn5KF6CAFHd%2F3%2FTX%2B12DKpxmMCV5Z3RiCe53uRED79CzsR3509Te43Sv74uk09H4jZ7%2F8fxr94BHKigurAi53RsSiZcTp%2FHcR%2BQ2yZQZT0%2BJkGbcRpnqsJ1ZOk%2FCGgChh%2B31PADvsLYaHR9B8xUi1MJAWSosMDoPpYEZ%2FfKXlkbi3JMiu9yZA%3D%3D%7Ctkp%3ABk9SR6SLvLTrYA
New ListingSamsung A70  128 GB 6 GB ramOpens in a new window or tab,$110.14,https://www.ebay.com/itm/175422095658?hash=item28d7f8c12a:g:SeAAAOSwKyJjKWr6&amdata=enc%3AAQAHAAAAoERX6BpHckTPfh7a7CzwWBtOX6rx87acg331cFq%2FK0y7EPvbL1ZqqWCLiAfzh4zDnySVpCXVrDnpRGcrKDQibahrlO9TAzK06qhrsdcciICkoHLqi762VNXq0CgrXvC%2F%2F0t9MT%2BQopN4OjrwaOWQCD1aimM2Jsrpery6JNXy%2FUYow0%2FmrCmD16Vc95ukiv0zs2aBTwiY8QNweN08F%2Fc0dfY%3D%7Ctkp%3ABk9SR6SLvLTrYA
Samsung Galaxy S10/S10+ Plus - 128GB - All Colors - Factory Unlocked - GoodOpens in a new window or tab,$127.99 to $193.79,https://www.ebay.com/itm/175327253207?epid=22054991541&hash=item28d25192d7:g:0VAAAOSwAu5i2ApE&amdata=enc%3AAQAHAAAA4AkoIAjeIwGI3SFZZ9EZIxexcaXusdz5mXxteodlFQ3YgxTD8agUxZUiXT9ixFMlC0c9fq4qcsO6ocKCIsTHhHsck96m5JtIB%2F3DKJ5VJhQwQQlgjnPc9IK%2FSwUXNrkvPJ31mZ42duPIQD6CddVKT65MKMa6GSW0Y5XstiLHzy99%2FZYYvP8t1TnRayE%2FzB5L6f9xrlt72gCJHhTvssYjoPf6LGCPcHql%2BpXDk5i1WZEAYdhQRxuMRMmPDY0KeOdJsY4GDuNx%2F04MRIeK1J1wRH4N048nWBPOIwrJ6z6hORjD%7Ctkp%3ABk9SR6SLvLTrYA
Samsung Galaxy S10e 128GB Prism Black Verizon Very Good ConditionOpens in a new window or tab,$129.99,https://www.ebay.com/itm/284674309315?epid=12036795381&hash=item4247e93cc3:g:-IEAAOSwpYBiHMtc&amdata=enc%3AAQAHAAAA4GPjOdrHlRY4ZUaTMmmfLj1gZpdLaM38%2FJ8lP2JoCNf2cpXH%2BZy0mI%2BSKOgdxEOayCpR0U0vOU7sDKUzwVfb%2FB5CyotAT7%2BT0kdM4hIg3SLwevapxsL09%2BZzMuSHu6mWnf3v52IQVFMNbg7VC5uNQVtvp4T9vxu1OwGbXDiRnnUbqDo7Kq%2F4kvOUzUmdJW%2FRSG04qXhmjMMReIbi8XHGR2DBgat9z6GtkcVHn733VBtbLYjUX3BK%2F8XIKHDXof9JnTjZwrMYtTnSuym0ndCmjBzmMoQwrEwN%2B1pWla0aQLKS%7Ctkp%3ABk9SR6SLvLTrYA
SAMSUNG GALAXY NOTE 10 S10 S20 S21 - FACTORY UNLOCKED GSM/CDMAOpens in a new window or tab,$169.99 to $329.99,https://www.ebay.com/itm/324842105036?hash=item4ba21928cc:g:iKsAAOSwX3Vhd3yC&amdata=enc%3AAQAHAAAA4D7o%2BJqhWy9Cvn6wemloPUhRYEjtRKC4F4Ky9XCgp24S%2B9W8cMYEhln9OTV5%2F6hZ%2B0QmO5ZQuLUwHIWpNdaz4L7KV5KOc8I%2F8fy3sgwIyJ4KKEthJraVgCL3OXdDcDj9pMYyob4Sv4FGUcVeyPmqQtSAfQKXUq2hFCrF4yj2KOOVe88Ze21dD6g%2Fssrv3VRMzeclgPrI53hU5kpvNIwKFqxVIGTCAgDfGl1kvdtIEEhS%2BpqgoMquhFU%2BqUWixzx4f2M1oiu2%2BqaEd6zLs1KPoAM7lg5y4MhPe4NGiaspUvem%7Ctkp%3ABFBMpIu8tOtg
Samsung A21s SM-A217F/DS DUAL SIM 32GB 64GB Unlocked Very Good ConditionOpens in a new window or tab,$148.28,https://www.ebay.com/itm/203639648057?epid=7043828986&hash=item2f69de6f39:g:mF8AAOSw8k5hXFrH&amdata=enc%3AAQAHAAAA4GSGaDsdTiJYy5GyPORKqRJUV6B7Isxqh36uTxyx3eKagVyZbE9qhdenTVCFVqwswsZ8DxXabNA4LU%2BZFntKLsrimWn5Kq7v%2Feghj%2F7uDdoGhHQbDogJBM8QtyIAGK0Aye2ir%2BLih4mGv8JHhFxcUnLOIw7B3HlfHzhlpK%2FaOGQnbgu%2F6E4jg74wA4PP95rjitRPDTYnSakrIWsgANKMlTgHZCuvWWeXLGs8xGqmi3B0%2BwP6fl3ENpKvq%2Frzp036cboTLAoNgPQpVhtruOIqeNz7Dr%2B3daKIeCmItJxAiHIE%7Ctkp%3ABFBMpIu8tOtg
Samsung Galaxy A71 5G - 128GB - Fully Unlocked (CDMA+GSM) - Good ConditionOpens in a new window or tab,$179.99 to $199.99,https://www.ebay.com/itm/224886631513?epid=17037331503&hash=item345c49ac59:g:CQUAAOSwQhZiL6yv&amdata=enc%3AAQAHAAAA4EPPGOYqIOuThq4UbosYVRZ4EtUGYSoywVX5HQBfZMrbAx2I%2FbxJMReUvB5YvICDVzzLGg0gx05CCXxTiUTGP47fZ%2F7JvdOxAvuAc7sMaYGAHDiCsViEbtBjs3GHGwLjzMwnKcQXuzkTcZ3C2jGxYKjit%2F0X51Ujltd545YfNNB%2FY7vlP6CZlaArwNF994fpuMBUrKZ6RVyl8cc2sGNRAVoJ5iFllSo%2FS1JEi2kt0m1v72e9wfe299fSrbqjLSDjgzEMayAHAJ5f7Y3QQ%2FwnIXxBsRjJVIhVfPSnP2U4u%2Fnp%7Ctkp%3ABFBMpIu8tOtg
Samsung Galaxy S10+ Plus - 128/512GB Unlocked All Colours Very Good ConditionOpens in a new window or tab,$256.65,https://www.ebay.com/itm/384354307624?epid=5029467511&hash=item597d4d4e28:g:9aQAAOSwwL1h3X6H&amdata=enc%3AAQAHAAAA4EDy5JnwNoYfBKARXaIVn%2Fq99excIzfVApHQ61SBAWpyiFctkC7kXTTGBzeOUTb8dFm2pfxm%2BHpo3bqLV0uEGhXQdnigzhmghGj3n7BumWZXFbpLmu2Rr%2B7nO6muTbyK50MjiBrvPjA7mSAGbTe7e%2FmBT2hSUFj8mg2z7BL364DydzZq5rKeSLVz2yJvSa4st5D37D%2BedjW3ks%2BaFCuKFpsXfHbUKA2iNYf8hF6c4yepqnxyz0WQvz8cIIIDF7bCkyJTCbKamIS2HBh4T%2BkR4FZ9DgdgRRDoUgInMAyIgt98%7Ctkp%3ABFBMpIu8tOtg
Samsung Galaxy S7 SM-G930 - 32GB - Black Onyx (Verizon)Opens in a new window or tab,$52.99,https://www.ebay.com/itm/265826527399?epid=220053197&hash=item3de47ee8a7:g:PfoAAOSwETli9fME&amdata=enc%3AAQAHAAAA0IpwrWLmBlK8UIIYut5%2Bm3CfCHXuTgcQA373sCEIc6QGsu2dEXPjMW3Fh571rbNGo2fA5KTSp0O%2BcPe8gdwDo53IIrJ0XRDiHsL4GPvMZ2Kvzah3jZTqPcPGlq9DV8YGg34blWaHimEUFYaHiIz207UuBBHBV%2FkK5QJ7r0wl4jNRSPytkhYHRCQqRLiVtLEFd2knZa2rc2qLzWGDDCt9qWtiQyFlwACpe63nHnpFaY9z297R6IlKaKWTNcZsiCcdhYCeLz1A%2Br8ZnE2gJ4ptqj0%3D%7Ctkp%3ABk9SR6SLvLTrYA
Samsung Galaxy Note 9 | Unlocked SM-N960 | 128GB - Lavender PurpleOpens in a new window or tab,$173.90,https://www.ebay.com/itm/284364568668?epid=3022434424&hash=item423572f85c:g:HsIAAOSwb-BiK~Z1&amdata=enc%3AAQAHAAAA4JSYDGQ3ccxp9Nm1CuH7oBVSMTe%2Ff5mjXusfqN7YAG4bADMe03kpmXxBLnQ8desqOVP2qeIybxCB7H%2FAx4iq1mekNJSUMht1LOgtfpTH5lz%2FvHY1tnk4aMh7fmg6UekACWDoj8%2FOY9M0WOdBF1HpIouTVuT7bT0cCUQgQkuhbOAlC3GP6KxQGnUFiXvsS0G4%2Fe7blCkzSstDSCCf65HN%2BXsHh8kwAYhD3V%2Fv0NLx2f7Ax%2F6uax5QXsQ6YVPGai0T7frh3hVXwHQ7YbfwjvQUDuq3HLa6xMcmsM0cN64fyJrG%7Ctkp%3ABk9SR6SLvLTrYA
Samsung Galaxy S20+ 5G BTS Edition SM-G986B/DS - 128GB - B.Purple (Unlocked)...Opens in a new window or tab,$85.55,https://www.ebay.com/itm/325346514036?epid=19039291243&hash=item4bc029d474:g:JB4AAOSw0AFjJeRs&amdata=enc%3AAQAHAAAAkHZFIxHjWzYiAuDXxnIkVehqhfgrFZel0oylR2u7s80zDPEXynkczeHXozP9oSLvJLEj2oB%2FoV7L1FMDtlKxvP0jYrhhh4dHl2PNrkOjR8LVPAwczCxykpkAFwjbvqQrbEKde1EsNfXkIT4oPTV3S42o5QQoDWmVPjqpr6evi5hHV4n3mvEdD0bCRT9s5Ei6jQ%3D%3D%7Ctkp%3ABk9SR6SLvLTrYA
New ListingSamsung s21 ultra 128gb Unlocked Cracked screenOpens in a new window or tab,$171.11$285.18,https://www.ebay.com/itm/284973206250?epid=20043689317&hash=item4259ba0aea:g:fjUAAOSw3JhjC0Xk&amdata=enc%3AAQAHAAAAoJk4c3xfDk1wGvtJjSEK8SsUDQmzPeWSfI5OyT3Pxw5QHPEIjWgKhXYUhaSB10iYGDbpJW3myDa0kd2pW6bvgW0hSl7yCwrGtUplNn%2BWkHHZ9CE7Hl%2F1MCmtcXGsYr%2FLDym2b9ECK0sINS7ZAomtryKNNWJuBQug6PKpNlT2EyicAnukO7oHT6W3eGQW7ud0cr1TBUvs%2FgPptx5aZFkwVgk%3D%7Ctkp%3ABk9SR6SLvLTrYA
Samsung Galaxy S7 SM-G930F - 32GB - schwarz (Ohne Simlock) Smartphone GUTOpens in a new window or tab,$82.87,https://www.ebay.com/itm/354262669593?epid=220072760&hash=item527bb35919:g:F5wAAOSwNUpjFdDY&amdata=enc%3AAQAHAAAAoBH4gY7YzOsN%2FB1%2BS8rUA15WJg0lrXTwhKK%2FguYa9IKfH2GijkPhyT1%2BifaqnRttuZVz6P2s2uaXe54DOHwAe2ceGR2a8rTTRhEkgmK2slO0qxRLwntopRPkCJlfSp8lJpRFzVYHM3ZrUXjgMIsJsMzlS3NQRItnl36IpLSXdp2NMidQHWbdFtZuB%2Fa9M5VhEZCHe9oH4%2FpEpFvr03NrR2s%3D%7Ctkp%3ABk9SR6SLvLTrYA
New ListingSamsung Galaxy A71 SM-A715F/DS - 128GB - Prism Crush Blue (Ohne Simlock)Opens in a new window or tab,$149.19,https://www.ebay.com/itm/125522231626?epid=11036133053&hash=item1d39b5414a:g:sg4AAOSwdDdjKcM0&amdata=enc%3AAQAHAAAAoFKisG5QVADrh%2Bso7SuzSrn6qv5YoI6xr3uc51uI9%2Bs94sUIjjVVeUWdiAJUURz7AP7C8VoazYhBsW8crn4Z4XmGeHzjJCWBgiBPqd8vWCQ8Ai9PKqYBwxEmNzcrdUUczktHIMrMsCpt1A9aPdsAWl1z7S6JwqYFvMwnDNBQ%2BNwXdcpK8FQyFDnY4KwZBwm%2FUXtOyHknf87%2FCio0iPEcR6E%3D%7Ctkp%3ABk9SR6SLvLTrYA
Samsung Galaxy Note20 5G SM-N981B/DS 256GB DUAL SIM Unlocked Very Good ConditionOpens in a new window or tab,$427.75,https://www.ebay.com/itm/203910334725?epid=17041184035&hash=item2f7a00c905:g:l9cAAOSwDRNihgXI&amdata=enc%3AAQAHAAAA4B1RfMh%2BN84JQAqqRve%2BHcZFHSRjnW%2BmfltlIxvuOT7xuEu9TLYZqPfDa%2BUKUNZenRjZGmPrE71ZBvUrWUCpXjkwjb4u2Ku6UmP%2BD%2BjZO%2BL60BcWL8vxAEPp%2FGvXdyqQ%2FnfrSvA%2Bd3TVzROn6g2Zmy06fPeWFTHSdrv66iUXEf6HkRhCOyIiaHd7KDWFWEA0OvD%2B91sCrciuA09a3omWATKydfSMlcdsq2i3CbZzSgYcoUMNJjh%2F%2FruawupeNey63xPizEOl5FkUddOw8T7TruVca%2Bbcyj8FTw3FUjSR56h5%7Ctkp%3ABFBMpou8tOtg
Samsung Galaxy A52s 5G SM-A528B/DS (DUAL SIM) 128GB Unlocked Very Good ConditionOpens in a new window or tab,$256.65,https://www.ebay.com/itm/384714150164?epid=4051847929&hash=item5992c01114:g:kf8AAOSwq~Vihgd-&amdata=enc%3AAQAHAAAA4M%2FiiGR5IYwbjjw8MEGwRifE5SrRirZKzzi4z7cCkUTm7cXYEGTUD%2FYDjZaQoNPBTt%2Fc0vvBy291xdVJebxi61hYmn4Glgfxo3i0jCZF%2BpTIQSEbLyO5LF2VT3uQ1bItfnXAudKxETs9zHjbyQLygU%2FPSzbiZU%2BLyj38%2F0xJjRj2ggGWaiEGesnLVwRZ%2Bq0e8BZKkDi4Ml5mWZywy5OICPLeh%2BwrTl7tV8XNgsUbcApTRdwAKFsTRhFj%2BGe1On8ESdA9JBMB9xHb6OCuZyaEAsJVlB2adyKc0Y1%2F3QVYYnsl%7Ctkp%3ABFBMpou8tOtg
New ListingSamsung Galaxy S9+ Plus + GSM Unlocked 128gb SmartphoneOpens in a new window or tab,$160.00,https://www.ebay.com/itm/284973130966?epid=243309649&hash=item4259b8e4d6:g:swwAAOSw4DJjKJoj&amdata=enc%3AAQAHAAAAoGpG%2F2EUC33T3FF9bfadWxKuM%2FMB12zyDBlVNjOq9txdnFjqgcFo6Gu2rp4LeiiSPBUV90F6csbaHcKEH5eyC09JMtv7vQhPd%2BV2zp2rkPfv0tZIvzvmaTqtW90Y%2Baa0dMpJtl2%2F7A1Ln1N7MyzjsT2x3nNq1FJsy6c%2BPojA1lZo9haZa2RUC1lCgsHIqRQGpndjVUS4e2%2BtSl1DL4KMbxI%3D%7Ctkp%3ABk9SR6aLvLTrYA
New ListingSamsung Note 10+ PlusOpens in a new window or tab,$370.4,https://www.ebay.com/itm/314153242594?hash=item4924fe0fe2:g:nm0AAOSwQeFjJ2R9&amdata=enc%3AAQAHAAAAoO1NvT10wv30oRFYaT%2BRdFxEf80e6br09SpR%2FXFBZ%2BWO%2Bxy2%2BBjliruI5qJrkBWdZU1liT6eLOb5v1jZ4xDDReNcqNhBEg4wXCiKg0GWrVKgIzajJXuc3Z0tfun%2FLl%2BQRQ4BAI4GJPkt7Aiy0%2BUQgd6TAAMSHJCloPmS%2BIQQQft%2FvPRqck7jx%2F38d7o6eqT%2FgsfMTp5HBG9kDg2pB0gOsmA%3D%7Ctkp%3ABk9SR6aLvLTrYA
Samsung Galaxy s9 plus ohne Simlock / Midnight Black Opens in a new window or tab,$62.60,https://www.ebay.com/itm/125510919336?hash=item1d3908a4a8:g:CZgAAOSwslpjIJz7&amdata=enc%3AAQAHAAAAkLKUxdX%2BowilFzZ1M8hdAV7oXV4I0xtNIldoyRfN%2BjRfHB8Semqofb3FEqPOTPnpuFssSb1o551wUI%2BlxlBQhGziW7ZEQYhJi%2F5LtYpUjoG6TPtm65aLPhdRAVDx3EV9lHeEWEpVUUYElwAK5bbB6fTi0%2F4zfkjd3W8Qborl2w4OpqrYfCO6SoKxbz%2FgiE%2Bkqg%3D%3D%7Ctkp%3ABk9SR6aLvLTrYA
New ListingSamsung Galaxy A10e - SM-S102DL - 32GB - TracFone Only SmartphoneOpens in a new window or tab,$25.00,https://www.ebay.com/itm/144725313053?epid=11043315138&hash=item21b24d061d:g:UhMAAOSwoTRjKRFW&amdata=enc%3AAQAHAAAAkJ3WJiKknem%2FVBfzdDREQBlCcPvXpW6s8%2BffcZ1zihMVYSyrkUydvqj85wjN4%2BxZV%2BK%2F%2BdvVWP7VuqmuxFjurvLdI5LN2iZHZx%2BHZgJaA5zqRpvw6qE0sM7wQpP8Ft1tDuH0imikjQKQ12G1z%2Bp6OqWgz5NvmoJiPm9tmZiUyLfdrGzlbsiNgqYSWx15CHNaDQ%3D%3D%7Ctkp%3ABk9SR6aLvLTrYA
New ListingSamsung Galaxy S10 SM-G973F/DS - 128GB - Prism Blue (Ohne Simlock)Opens in a new window or tab,$90.11$171.21,https://www.ebay.com/itm/325349706347?epid=28029469223&hash=item4bc05a8a6b:g:lv0AAOSwdUJjKX58&amdata=enc%3AAQAHAAAAoP1SYZlW0TXAKny%2FksoHLgFGeoxAR8FkezAr3Sy8TJKvj6getIO6gXJgN50cUnQ2gLdftCnkysHjbDhrjwY7a5691U8QE4Xk1CiWCP6R0SoN3Sek8qYCJglz4hRMsWdL9qvfTi%2FR6ArxlLencf%2FeFVbn4nAWWRfxw09Br%2F%2FkRTbD9nOYHSB9rDzzKl3gv3ex14XbB8L%2Fc8t%2BTTEIqpveyJQ%3D%7Ctkp%3ABk9SR6aLvLTrYA
Samsung Galaxy S10 SM-G973U - 128GB - Prism Black (Unlocked) Slight Image BurnOpens in a new window or tab,$130.00,https://www.ebay.com/itm/144660381380?epid=19029469947&hash=item21ae6e3ec4:g:32cAAOSwG5Zi4Xgp&amdata=enc%3AAQAHAAAAoF0wHN6Kn2it6Oy8wfolmN8zOyeiYihpGgVaSFG%2FA8DQOBs%2Bgc%2BL4WUOMtQ3gXD6YVU0rCE6W2hhIdxy0v96JwMQTWOj77zMGA0EChQqkM3j00AnwpJBDXgYOebhbjOa4QHmyEQQ5nCx8qttWroh9wZPqOxQC5TLOVLvMnZxcOgwEbyFJdTTND9xIw2w3C2YdfEeKHDu2kOI7pHrpsH2HO8%3D%7Ctkp%3ABk9SR6aLvLTrYA
Samsung Galaxy S22 Ultra 5G SM-S908U1 Factory Unlocked 256GB 512GB - All ColorsOpens in a new window or tab,$899.99 to $974.99,https://www.ebay.com/itm/225044371036?epid=13052280684&hash=item3465b0965c:g:DckAAOSwNkditevk&amdata=enc%3AAQAHAAAA4H7BrvnUwhV3%2BdrnRLFfaQ5lrsvCiOOwA1csBNDcprM0YTPpuyXuUr3udD4MxuuoQf67NuiakclJ3Xpk%2FcpS7L5GsA24t8SrrP3nm3rGtXrU2H2Ujk%2By7tbSklFkDZiTPP10MZfmO2YybqK4GgvZ0GPnu6ZDuIqhNxMq98SCijvxJBLNqAYPWUr0S2EBYhiWZuBoQdjc%2FJma3SQC%2F%2FqAjSsYTSup1AYSqtljda%2FgZfRycY7t1nR5g3d8oQDHPlTrd4acYHObSi95RMk8cC4ZmfXbvFe25QJBTlIpCviy4KH4%7Ctkp%3ABk9SR6aLvLTrYA
New ListingSAMSUNG GALAXY S20 5G 128GB UNLOCKEDOpens in a new window or tab,$261.22,https://www.ebay.com/itm/385124844088?epid=5036900402&hash=item59ab3ac238:g:n4wAAOSwVuJjKLa-&amdata=enc%3AAQAHAAAAoHGoLOPGWVFDoBId1PGth%2FJqrwX1m6z2R6%2BGI8Vh28kCwo5G5rOH4i1ltjxp7QX7n3cwJSxug2uR5DFzVEXB7Mu1ZianzOltphvOtB4SsqmOmT8CWw2EYcp9IKWiIiV5j061Tu3BqdOki%2BsPMtf9HQ1nIqBzH82GkyuwKL7F0mfPg1IORLyxdi1ew8FM6B34vAnscWzOQJHfJRsR2p0sGtI%3D%7Ctkp%3ABk9SR6aLvLTrYA
New Listing*Faulty* Samsung Galaxy S20 Ultra 5G (Unlocked) Cosmic GreyOpens in a new window or tab,$28.52,https://www.ebay.com/itm/144725760106?epid=26036898500&hash=item21b253d86a:g:G0YAAOSwrbRjKXMJ&amdata=enc%3AAQAHAAAAkFqkQBnMRCPyDqrOp9bDIfc2MLuTYru7qbrxbp9mpX5NWp9aSMBVwfsdxQWvcSssJ05BFViWQA%2BzAeJZaTJhsswepbDao3mOT8AFTIqly1LLS%2BwpLIliccgvORc%2BSvS5BPS2hznmTHxuU9GtceVceUZueEmpTzH2HeTFVMSVA%2FZ1r%2BEy9Thuh2jYDGDYUP7bpg%3D%3D%7Ctkp%3ABk9SR6aLvLTrYA
New ListingSamsung Galaxy S10 Plus 128 GbOpens in a new window or tab,$250.31,https://www.ebay.com/itm/314154650910?hash=item4925138d1e:g:GTUAAOSwe-NjKa9T&amdata=enc%3AAQAHAAAAoIEVdhtVngwO0qtC5aYqcwZek63Junttsk%2FeQ%2BY7lapM9JCDVitxmnqIv3ynrlkgSm4RziaxozhG15SlrMmqf9Q1Zdwxl%2FgTn1lxLRcBt414rVtq3Fty2%2FAF1cyEnYlU7P2B9TdpRC5cLGJNa4wZuymuyKvXOOn09FboI0YvPKA3alYZQ5BRqtnwtrXkAdmutc4Gf1t998dgX917EPdTUc0%3D%7Ctkp%3ABk9SR6aLvLTrYA
New ListingSamsung Galaxy S8 SM-G950F - 64GB - Arctic Silver (Ohne Simlock)Opens in a new window or tab,$1.00$250.31,https://www.ebay.com/itm/304634502975?epid=235373345&hash=item46eda19f3f:g:faMAAOSwTaxjI2Ay&amdata=enc%3AAQAHAAAAoCpSilFwIoWI59BRnV6LsGNqUegH6WQnw84C7TSIbvVT2qyFmuoPzY%2FwI8QKQgadG%2Fz366OVpma%2FMYV5jNn6HAZzOW%2F6vwHxDCXb%2Fc%2Fh0LRHYSuBNKncMBQpUJnPDsMJh4DSg2xjEiiwEakyQjjkgWUllcjm4d%2FP19osoSjecP3KAQTRQTGpc28x1pFXMlehgMlCbmbB%2B0aelNRm5cmY%2FCw%3D%7Ctkp%3ABk9SR6aLvLTrYA
OB Samsung Galaxy S20 5G (SM-G981U) Gray Pink Blue 128GB GSM + CDMA Unlocked Opens in a new window or tab,$259.99,https://www.ebay.com/itm/124768260467?epid=17055832318&hash=item1d0cc49173:g:OjIAAOSwwYVhRMwi&amdata=enc%3AAQAHAAAA4KWwOqt1Yy%2BXCvLZYDhoul9bhpLTXrsOdnBkRvs1eex4FGKBKumC0b5gjFuz%2BwAiD2dQcvW88UgD1MUI4x1VgYWERGmmVYwvaskmbMQ5ce4ob1iwOdTofHJOfVpY9jYWEjI2%2FogXGiHoxgEmJ%2B%2F0OBJ3f49D5QjtZ%2BVtDjZH1jE89EfeojCEQswH5t0xwBFeotdWfM%2BuwJzkeeAmznOhW46OvAXKUMVunrPmAZSQ0jlkgNwTKch8PSCl30dJ%2F4L3t2SgRUbDzIcS8jXnU7jHSBWEGtTND6R2Lsnxu95h1OoQ%7Ctkp%3ABk9SR6aLvLTrYA
New ListingSamsung Galaxy S10+ Plus - Unlocked - ALL COLORS - GRADE COpens in a new window or tab,$99.99,https://www.ebay.com/itm/185587046051?epid=20030139814&hash=item2b35d996a3:g:5SEAAOSw95tjD8Pp&amdata=enc%3AAQAHAAAA0IiFrV97N7D41WhidLu0G6DlXjjtkyOIZdWF6nIJKbMl8k7%2FeLol%2B0f13q2i2bvzl0n2XV99%2Bf0mu89tQ5zZJFtlNRMncxOXiBj4DgxxRKv1jbH9%2B1fdTGISofMTf4PWLvh3Hu1xtpF91AcIAEPJw%2FP5s3h8%2FqBjrFaIU685PhWGMSlWcKh6M4PC0lXsuBhOonQ2CQwBdOMjLrylsgI1lIZ8Wh%2BwaiDhwWVYWfb%2BRL6x5bii9OFeOdCm5uvtEnUeQhoQacFgl7t%2B3VOt7wmKO6E%3D%7Ctkp%3ABk9SR6aLvLTrYA
New ListingSamsung Galaxy Z Flip3 5G SM-F711B - 128GB - Phantom Black (Unlocked)Opens in a new window or tab,$285.18,https://www.ebay.com/itm/325349958782?epid=21048612513&hash=item4bc05e647e:g:EIkAAOSww-VjKcYU&amdata=enc%3AAQAHAAAAoDdzH0JflXFPdPkO8v7oBFiBt8eEK71QDMm9%2FPir52HV%2FKXZoycj%2FHPqCL1Cms7msYQo2rWa40A0DQ2E0jlMnVRWNIGbNUEZcd6ewHytvndAuqWLgcgqxUNMQkHF1lKWQSuWOKM0%2FAzVFj1%2FvGyhKJmtYDb5XR6zdAf4akW7MmLhEENiLzfQENsg67bG25ayWjLgT%2FYz7JPybdYwCaFoxXI%3D%7Ctkp%3ABk9SR6aLvLTrYA
New ListingSamsung Galaxy S7 SM-G930F - 32GB - Black Onyx (Unlocked)Opens in a new window or tab,$39.92,https://www.ebay.com/itm/185587894922?epid=220054417&hash=item2b35e68a8a:g:DW0AAOSwsedjKXen&amdata=enc%3AAQAHAAAAoJWNgX%2BpnJsBiJBUOt0TZZra4Ezc%2BvxWGuVdr1TEYksVMwF2APM5LcaVb0MpzFdi%2FaO1YPBNCMOcAjnCzmqJH%2BUWlKTejHPmZvFm9M5POIEZCJwPIjRJKMPDt%2Fr%2B6JkM%2BCAbZmCxxavD723f8bhirESc%2B79bKOSIAUH6kT%2BP6zyADUgxRSYcXeBb%2FLeGFOiqFEa0wOszhACece6npRaUAtk%3D%7Ctkp%3ABk9SR6aLvLTrYA
New ListingSamsung C3630 Black / Schwarz (Ohne SIM-Lock) - NEUOpens in a new window or tab,$39.95,https://www.ebay.com/itm/185588256766?hash=item2b35ec0ffe:g:45MAAOSwc~tjKcuH&amdata=enc%3AAQAHAAAA4OrXAimw%2FbHkxZ5O9OkJKkWzuy0B5Nx%2BSQkeKbsj7rNT3rkHLbJw%2B1ZUJJl6AW9rMtyqkWC0Fy%2BI4ephvQ5Nz%2BjbKlVLpeONfP45LDrVu8l6qT%2Bs9k9pS9VPcFDg8REzXjf6G7tkie403obI4m1Ca702FxP8%2FZQWryiO%2Bh2ZIiiXtPPtrdGcbiHsK0Or7sk7jzPPVDTlJeKTAoqs1ieMAWVMkU%2F7jRxHr5A3H7UwUanBqmy1zb7B%2FUk4JrpFtpde4hyhUJuewpWL2BUH0I5%2B3My3Q%2FZMa9bqStPld%2F8LLxN9%7Ctkp%3ABk9SR6aLvLTrYA
Samsung Galaxy S10 128GB SM-G973 Unlocked  Fully Functional With AccessoriesOpens in a new window or tab,$207.78,https://www.ebay.com/itm/114414584078?epid=3029474417&hash=item1aa3a4010e:g:WVwAAOSw2W1czKNv&amdata=enc%3AAQAHAAAA4CNpBcE8lkEBnUdL8ncSC9aoUZmC4kdKg56eaTw9taLkin6meOruGW%2F3dDzYTVZJTx5sSTyqZ1DOfhfL4iYNXpe%2Bew9bNghBHXwaBxX%2ByNsyynT5kEr%2BKh5sBmGyQL9ABe3%2FQVArsFVSkhMFTkYy4h8v48P%2Bm8KQhwnZCJOKeMq6yA%2F29zSb3twcuJH17yVeqnX3Hus%2Bl%2FRNihnzjaYfhKzpRi6m%2Fwbw8jAbySOhhLM9%2B5P54e0ilNKWbmbFNgH8pSYLJv7psoETivFzUcSVSz%2FPKJXt5I1m2Zj7Zpsan6rS%7Ctkp%3ABk9SR6iLvLTrYA
New ListingSamsung Galaxy S21 5G SM-G991B/DS - 128GB - Phantom Grey (Unlocked) A+ CONDITIONOpens in a new window or tab,$455.14,https://www.ebay.com/itm/125522261464?epid=23043696750&hash=item1d39b5b5d8:g:9hEAAOSwqPRjKcqd&amdata=enc%3AAQAHAAAAoKVHNEdnuoMiqnIPVDIQplXjN8GTyUhbmHeVci02lT7wd4xJaUWUprVNXyyd%2BjYH4QFqUtuS1O8yNTAJzBfPMCklNe1S6dyTHbOwxD%2BR5iB6mAVTtLKfboZdDKeRRC9k77VyfQbrHQeVWmKmEmG2QdimwkT9Au3WsWNugPIWpcc5OMpfiEzKts0hho7mfWGkZeFJtf8KQGNJCDPyoNqIauQ%3D%7Ctkp%3ABk9SR6iLvLTrYA
New ListingSamsung Galaxy S7 edge Opens in a new window or tab,$50.0,https://www.ebay.com/itm/185588043967?hash=item2b35e8d0bf:g:BtYAAOSwcu5jKZm3&amdata=enc%3AAQAHAAAAoP8uxoV0St%2FGC5N1KgGoON5N4QI6FWl7IrsWCRoBVxUqf4FQQRMNvWR2dnkVVIIrHGdto5KGPZiS7uK2YMq5rI8C3CLJJb1v8cBDlTn%2BhvH87ZLOGbjVeVEfA3eflGzJcm7NtLjNoT11t5A%2Bk8kbtxUg4I1JxO%2B39u95JvGOV6dAvAHw218Q5Q2nbrv2tDpFYhfgH2wnDVeMTRU2gcRcXhg%3D%7Ctkp%3ABk9SR6iLvLTrYA
Samsung Galaxy S20 FE SM-G780G - 128GB - Cloud Lavendar (Unlocked)Opens in a new window or tab,$57.04$136.88,https://www.ebay.com/itm/225168655020?epid=18048188711&hash=item346d1902ac:g:xToAAOSwomVjJ2UB&amdata=enc%3AAQAHAAAAoHP2tHHDqs4NGZSexvYglD96B98JzguuH0zaym0Mf%2FE7KDGoyvCPWQu7TZqBI3tEzNrRi11ShLSiyVqFAhY2cp6%2BP3uvClXXFttnaeYtRYWFbQoOI1ijba%2FCP2k9ETRHpUcyAMVC1QltAflWYiIr1IEncLCUTCSAqh6wqvE%2FRdSD7Hjc0HoaVSxxDHCdN%2F%2FLSjPCf4RAwBMxp9MrjIgBFQI%3D%7Ctkp%3ABk9SR6iLvLTrYA
SamsungOpens in a new window or tab,$15.01,https://www.ebay.com/itm/125514679867?hash=item1d3942063b:g:93AAAOSw8YFi~STc&amdata=enc%3AAQAHAAAAkO0InAHkJHNjHx1B%2BcSEyy0%2Ba%2F0fwwDgA1Nrp4Bgb4NarJEQdRoynAR9xSDAf1IRjshuphRQZ96pARkM5fBq1eQI0qXsPwxaKosDSQXgWlrrFSqtg4iRHpsSKdd1SXTpbqXG9WDclR48tPAed7cJcbm%2FpSyrnUP4zUG%2FGG6ifrK5R4jRep3MLCU9zqTmkI24zQ%3D%3D%7Ctkp%3ABk9SR6iLvLTrYA
Samsung Galaxy A72 / A52 / A53 128GB / 256GB AT&T OR GSM UNLOCKED CRACKEDOpens in a new window or tab,$79.16 to $194.3,https://www.ebay.com/itm/265811702565?epid=3046969752&hash=item3de39cb325:g:wjkAAOSwXURi2Evm&amdata=enc%3AAQAHAAAA4JD%2FVIgC%2BN1BI25NyNGM0FLtMCXMwxulraCJ49KSMM86BS1s3ScTL00mdbsKXC0G63XMdmDbgz5lct67lMwn6jaN%2BYsg5YArx26zF5t%2B70%2B%2BWdIkowVCk2EopSSjwJiE9b6qFror56hU8eeYpNz7sVUxedEw12eN7AejSW%2FwuziNCrp4lizEI7MRLRL9Z5MHgD%2FjY%2Bddp5DNN0TUaplpCOCtARH4D4%2BN575nOvWgmfQMB%2B6GGPcYbQzYsAE94aH2Zzdsjsyja%2BDjmdwxYDWhykWNX81agRcRq2dnwR33NxHd%7Ctkp%3ABk9SR6iLvLTrYA
New ListingSamsung Galaxy S9 SM-G960 - 64GB - Titanium Gray (Ohne Simlock) (Single SIM)Opens in a new window or tab,$30.04,https://www.ebay.com/itm/115531934817?epid=243309729&hash=item1ae63d6c61:g:~6UAAOSwKnhjKH7n&amdata=enc%3AAQAHAAAAkIxUPccvcMZhbDtfjPoFYNG4CWZIuuYUDlRdadxU285X7jUic9yhyoXbnoec3zPPy9xuCErREVC9Z%2FarbSYqm0fZOh9YC%2BVicbiNGHuVkAw12iDZXPNhw7jvEdx1JdQI1K0QfUJeLFvqv3HI9s0KlG4gECI2fJnvn1vx3GJ6gtdFbY065kRXpHhZlR%2Fr%2BQNdWA%3D%3D%7Ctkp%3ABk9SR6iLvLTrYA
New ListingSamsung Galaxy A70 - 128GB - Schwarz (Ohne Simlock) (Dual-SIM)Opens in a new window or tab,$32.54,https://www.ebay.com/itm/115531932123?epid=24031445352&hash=item1ae63d61db:g:WFYAAOSwb2RjKH4I&amdata=enc%3AAQAHAAAAoAJCwEhTomRFLzk6lEcc9OgtuLGe953aJ83uNlS3gD22QRQfhB7ihjQKotzv7roQ%2BsoQyoZJYDiesQPsQj3aUhMIqKEfKqZRjyIrPh6bbzTyRzqWx0fF9gDNRWtYhAxd%2Fr0I%2B4HJfc88wj9cIVu26sRVV2zS0nsCrWQEM2GTs3pu6AGTyXtHI4ZFEaKJ2EYURpOi4ZS3AKe3jyjmMztd3jI%3D%7Ctkp%3ABk9SR6iLvLTrYA
New ListingSamsung Galaxy S20 FE SM-G780G - 128GB - Cloud Navy Opens in a new window or tab,$114.0,https://www.ebay.com/itm/284972493621?hash=item4259af2b35:g:LAoAAOSwHxRjKIYz&amdata=enc%3AAQAHAAAAkF8UzjeAYle3dRDTrZwENN4ZPYFARNvfAN3l3Q%2FbxDTwxjvtyit4iE3ZBIC4CaA66oRNP87fDmJY3T0WW9kn2tqwp6rt5c3FJS1cCzUNBwQ5blJGIFWtH0%2F1dscd%2B0iG%2BL6cl%2Bnxhe5GEdnEqdqMPBdWl9lvJWoow6mzCFKWalnp6dQt1m8w4vFpNDRr90JByA%3D%3D%7Ctkp%3ABk9SR6iLvLTrYA
New ListingSmartphone Samsung Galaxy A53 5G 128GB/6GB Awesome Black Schwarz   N e uOpens in a new window or tab,$280.35,https://www.ebay.com/itm/265893389997?epid=2324049127&hash=item3de87b26ad:g:URYAAOSwRGJjKIMY&amdata=enc%3AAQAHAAAAoJI7%2FAx7C7MUuyqM4VEZyi2rfD%2BFFBzCeTjmZexjdQ5UvjC%2B3773lnfw5MHTPfs2aizI7nfAlJu%2F2Hri59ej80MnSZ1n790VVHdH2H%2BHbj8a4pm7hhHg4IUVsFuNZjwIqVcdLrljGpe54InDT5nanMlVWSjB0E0gbblUr2jVXfknagHcTgSRjsCYveQUmG%2BVTLIZnios8cEYg12Wl1kgQBE%3D%7Ctkp%3ABk9SR6iLvLTrYA
"Samsung Galaxy A33 5G 6 Ram 128GB Memoria 6.4"" Awesome Black Nero Dual SimOpens in a new window or tab",$259.42,https://www.ebay.com/itm/403889940336?epid=5056424869&hash=item5e09b76770:g:TAYAAOSwiaVjJJKO&amdata=enc%3AAQAHAAAAoJX0xULLRBoMM7MKKPFyM5ES66zkW5Ru8NViQp8g8oH3PfFDk5ns3%2BC92O4L6G3fUUXPfxoy%2BF2cyAqTT4H65i%2Fi8nFCskncQKJ6f3oNTHdRxTa%2BQ7adZ5WfAZL3WUwAd%2BkTilhHXZYsqtcagwL1zxMthhwRCas89R8YV%2Fy%2F7wisDbt4cRaXzPHaENG1fA7MBObcHuYwAc5hijCRWEBFvIQ%3D%7Ctkp%3ABk9SR6iLvLTrYA
New ListingSamsung Galaxy XCover 5 SM-G525F/DS - 64GB - Black (Unlocked) (Dual SIM)Opens in a new window or tab,$159.70,https://www.ebay.com/itm/134241578653?epid=9045314103&hash=item1f416bee9d:g:f2cAAOSw5d1hCkSf&amdata=enc%3AAQAHAAAAoGcm9XzZrAR84oT5Fy%2FppULd0GwjaAyAaA1cXS1S3wk9j7MGZn1oXt08vCyIyUWH26m8%2B3xk7d3O37YiyfG54JXao7B8RkbfHOVXl2bmOhr9rvS%2B8rrVcpdIGCng2%2B5zo1oeuwyoM8yH%2BCpNWCYQQAsrQ52kXuoMdK1WWE1Mnkyi5VwamIki0Iw7qTTl8X3O5SleNEvFhkxag%2BPL3a31zUs%3D%7Ctkp%3ABk9SR6iLvLTrYA
Samsung Galaxy S9 Unlocked | T-Mobile AT&T Verizon | 64GB 4G Smartphone GoodOpens in a new window or tab,$159.00,https://www.ebay.com/itm/284035968027?epid=23019093916&hash=item4221dcec1b:g:9IQAAOSwBrJiK~Z4&amdata=enc%3AAQAHAAAA4KPZi10e%2FE%2Ba%2Ft3YoaWxAOf0wldEF0XHLJ%2F3M3F%2FVss6V%2BRJdrhkibS4srFwcJNmfr%2FytkiIG5mTROvSJI4Vlv5uWR3UhdfWoP2Josb8gmAd5dmWaGyvirsjsabIqoaO16FAFbd2e8OnAySx%2BZLAFFpgUDu9DVezX1ezoFcRGpp0cNCN2YLKBXnquycq5XqxKwf68KyYUD%2FQ%2B56oEXWOWKPd8%2FVz4lRFX8zvgYlcX9Wi%2BysFnExZIQKxEF01dpb%2BSlUByRx5P8jWCiTgQQKwEt4jH%2FnYgVoskyy4bLKvVA3V%7Ctkp%3ABk9SR6iLvLTrYA
Samsung Galaxy A20e Dual SIM 32GB Unlocked Black White Blue 4G Phone PristineOpens in a new window or tab,$108.3,https://www.ebay.com/itm/134153350010?epid=5037065742&hash=item1f3c29ab7a:g:uxkAAOSwx5Visy8B&amdata=enc%3AAQAHAAAAoPtWHlp5FlRybzpC5xjXucFys3b6oIwEwCHLsJvd%2Bu3TH%2FQBVR53DG%2FRmGamI4pUeItNn9cccwFEVkTvq%2FVuCvkeEVpfzUCnSKurINJMCyARWIiql3Nl94HMf%2B%2B3ZL9FAKn0qGNZzEj6ZVuZyWJFvw0yA17HB%2Fk2yh%2FQgkog%2BVCyl6GPWxPvERt5prQg01%2BI4tLETuzhH%2FtpnmE1%2B%2Bq44EM%3D%7Ctkp%3ABk9SR6iLvLTrYA
New Samsung Galaxy S20 FE 5G (SM-G781W ) Unlocked AT&T TMOBILE 128GBOpens in a new window or tab,$320.00,https://www.ebay.com/itm/255733126439?epid=23041210197&hash=item3b8ae1d527:g:GWQAAOSwfJljD6oX&amdata=enc%3AAQAHAAAA4G8Ijv7a9fWT2lrgw7wCrVNOtqFV8pTFX5SGKNJxrqlg4NKuxus5LxObWGIu3ptgwxLTRpl6ZQc74rxGZo30Q%2Fskb6v%2FvPiv7HNcGSIv9T3AzlIossm16g5Pl1UyhgQ1j8hEFqT39%2FZxhTqHQ8i8PTdabTBJG%2BKuf98faYXLFaW6i%2B1KO3BlnCwDDaHHorYAR6mRqvcMuTglsftaYM80ImGy9cfSPyo6nzJoiDdF8X5CR%2FsLnal%2B0J6LBUsBi1EC7KMP08hxkycMRfAKCmS94kWnz0tFJmi9KUCH67MrHJXG%7Ctkp%3ABk9SR6iLvLTrYA
New 4G LTE Samsung Galaxy S5 SM-G900F 16GB Unlocked Android Smartphone UK StockOpens in a new window or tab,$91.24,https://www.ebay.com/itm/255033586034?hash=item3b612fb172:g:IGQAAOSwuaJi-YWy&amdata=enc%3AAQAHAAAA4LDIt0Bl5MLwZaa1Q3c%2BdmNwaJQl%2FxsWgAVcXNruvZjk9X3LuDiWxI8qX37%2FBqLaU4hhHnrtTjYeVcacCd0OFCttcOpCUZ2u%2FMI%2B%2B4B1S8jbMmudvHpQUp%2FXlXOr9Q%2BVl7453WNUoN1U%2BCk16dH8%2BIaCiG%2FDTIRZsWLosVFZkqxx8uTCAvXfpB7EG3epIa9sd5vGfBPIFbo7ZkgowiFZX6iN9JMRJC%2FjF15ziVk%2FtpEbiN0oB%2FfLWQT9JBbZ%2BQkIExgtRZ%2FzcA6VHzWK3QE7p1QNBYhZo3vMtcFjLms9p6xn%7Ctkp%3ABk9SR6iLvLTrYA
New ListingSamsung Galaxy S9 + SM-G965 - 64GB - Burgundy red (Unlocked)Opens in a new window or tab,$54.00,https://www.ebay.com/itm/125520585262?epid=245125071&hash=item1d399c222e:g:yWoAAOSwsU1jKL6q&amdata=enc%3AAQAHAAAAoPPMbk7fw%2BaWUIfNdraoDsvA7KPmBZm5YXPDqD4EwBCUM4KT%2Bshtr1jbU4HwLBZKjbkm2Ik61RxZGszLZCf26b2xMBBBlIfTdicR6Mt1M6s30hUQ1iS3qq%2F5XTVHSrNr9bbMwfsuPxm%2FknOWzji0sWvCGfsIWTzR6wcro0NDlahGMelF%2FTujJ8lzkL847YHrRgM%2FpNIGioHO7cVmd6kZPW8%3D%7Ctkp%3ABk9SR6qLvLTrYA
Samsung Galaxy Note 10 SM-N970F/DS 256GB Unlocked All Colours Good ConditionOpens in a new window or tab,$273.7,https://www.ebay.com/itm/384430955941?hash=item5981dedda5:g:w5oAAOSwLW1ihfS9&amdata=enc%3AAQAHAAAA4Fx5zazWR0m5dVdMKhiQTPSqnCl4yxdlsNSxHkqf9RjKbslSF75HIYxAwN4Vi2w5cXdJHzuGkIPO3JaIXqAXU%2FdaU4T8GVge7AX2TyJo4sJgrExtZxxG4Jlxd6lPSd2I7cFFFtk0DarIwT5MY%2BJ%2Bt1dlNhtAJo85neFXZLlJcgugdPhvwS9R96EhqitKnttlL2D0krePERD9MS8fEN762VH4AA0WtfM5C27%2FEiLSBd28m%2Btd3uUmReXtQTjHoyR9r%2FeArwIsd7wrnrs20xJHXXRzBIpIsGx99PKvwimgUf5N%7Ctkp%3ABFBMqou8tOtg
New Original Unlocked Samsung Galaxy Folder G1600 Dual SIM LTE Flip SmartPhoneOpens in a new window or tab,$164.35,https://www.ebay.com/itm/144462036483?hash=item21a29bbe03:g:VLkAAOSwC4hhRAwO&amdata=enc%3AAQAHAAAA4IXNauTsBpxy0LUQrRIuk0oaYFVRfkO9lBmatetpeNCqUA%2BdrzDGqoa%2B7AjPzPe5oldNgtXV4l0tPtbws7XbU5pDeFWdZYEbC%2FIJxcu%2F6h0KlJE8Lp8fwNvm9gEF1M7rGgfik7QRfTuxzDh0nTpcUhY%2By5og38cyTy2HruVN6dO7rjok6wkhQtIsRzGEKLrx2wIcMOc8HLFAwC1kFd2DGatF5sdnJE698uMM8vZ2S7gsONCKW7aSjv7nVSzSV776Y8Ile%2FOIr7g5ErliJ4QPPwX8qPzRa2UrPz%2Bk5lQ3Cj8T%7Ctkp%3ABFBMqou8tOtg
Samsung Galaxy SM-G973U S10-128GB Factory Unlocked Us cellular Smartphone Opens in a new window or tab,$182.99,https://www.ebay.com/itm/125469970587?epid=4039237204&hash=item1d3697d09b:g:PUMAAOSwQspi~cPt&amdata=enc%3AAQAHAAAA4KiZIJeySYd%2FiBf%2BVqSGVY3nd6kC6f0hj87HqJRxvXZrEHarWLFEMq2CKOrpl%2F4yv06MVaQfuYZMiLVCNATNb2zvsBLlQBM8orprAJxZ3EIEjwwoNj5XUMagpcNkyZd0RakCOCTMCyB57xipSiK05%2BqaCyz9GtaS9nMHg%2FfDFGWlbDQ07GtvV%2BtIPPklaSAHUR4w%2BAcGFnpiG0lEb1CfFhvzUVj9KtC4%2Fw3gb1VQmUX0QovejL1zNxoDNcGvPJcTbBo87Q8zwbiz4sTc8XjBGdwObVNWWQ1bsmS56cpvckPq%7Ctkp%3ABFBMuK2MhvZg
Case Friendly Tempered Glass Screen Protector For Samsung Galaxy S22 ULTRA Opens in a new window or tab,$8.98,https://www.ebay.com/itm/275222866535?hash=item40148faa67:g:FvsAAOSwN8hgoSnf&amdata=enc%3AAQAHAAAA4CqHnLK1ITouIQU9Sg9BIpbQWP%2FMn%2FERj7AiqXXOMgWOO6KkzJX6Ay6D4a2yIw0OF%2Bor6X205eKHSOlJ1XHLXiqbqZcOSs737%2BQFn%2BT0DDeWNned1OvEC0nUz%2F4KqbmAQyX4r6yT5LR%2BDDIGSErnfhxMYNrrHYzViaY5zPceJ519GWWkOFncYUoxRrsLfrArEhI2GW1GpefusdmW3GbQDTRIW1RUMVxqLFeXecXqAUygGSXyqa4h1aWb7J8j%2Fz9YdqZ3GIsnehyjFCcGu2e9sEmfgL%2BbSKKPJDtsfpRBOw3A%7Ctkp%3ABFBMuK2MhvZg
SAMSUNG GALAXY NOTE 10 S10  S20 S21 - FACTORY UNLOCKED GSM/CDMAOpens in a new window or tab,$179.99 to $399.99,https://www.ebay.com/itm/225092630658?epid=25028278706&hash=item346890f882:g:~twAAOSwZFJi4aIK&amdata=enc%3AAQAHAAAA4I1nJKYr74hB2xXTygiee4excexHwYK1VOBnxRXpW%2FECFNVr6ZnjsZH5K252RxyCgccR7MIcdiG7wpel67PAnVXadKgxXWe77KT6xQSY7LnmNcOw0UDfsXv46JK%2Ftdpz7L%2BVvgHQBZv1UAvrSjMam5oaPJswXWpBAVHbkz%2BY%2FiNznolQi34Cvu0a5RxhXKZnbXudXP5kslPm2oy90m586AVvz1dp2svDWYorNMi7RCWymKhPe93KMDAA5MDV6TVYll0oUMSLfj0rU27zLwbay68SM2Ly4ZKONYOVodBwGVHP%7Ctkp%3ABFBMuq2MhvZg
"Samsung Galaxy J4 Plus 32GB Smartphone A+ Condition Black, Gold, Red UnlockedOpens in a new window or tab",$106.82,https://www.ebay.com/itm/115046174581?epid=15024730970&hash=item1ac9494f75:g:vpAAAOSwpJphaGLP&amdata=enc%3AAQAHAAAA4IblV%2BGZLsYV3BBuWlT5hAu7DsQPT4uw2552YlHjvUhbGc%2BkReO6%2BNNUS2Bf5AzPuRBhJ1xBfD9C6ro2QI26hRy%2BR0R6ZNxYjsxt23qaM%2FgPuSeDpF3uF0lIcJfxPPC3GPALW1Jp8F5opBTfoAErZIYHPvZ0qQKeHjO2COEkSmdLcGd4i1qZP6ptcGx8XEihx0LeWGKwqzwoTxL%2FVSgdYtIjfuYM4DK%2BzFECoU73Jzd2lRR39YdIt9RcEMwxF5JSYRM0t%2B%2F9axAhh%2Feu7jan67S8SYj0PWH%2BbvlSx5MNGtLm%7Ctkp%3ABFBMuq2MhvZg
Samsung Galaxy S10+ Plus SM-G975F/DS 128/512GB/1TB Unlocked Good ConditionOpens in a new window or tab,$224.87,https://www.ebay.com/itm/384353206840?epid=28029464956&hash=item597d3c8238:g:gRMAAOSwBsVihfS1&amdata=enc%3AAQAHAAAA4BrCtujupAwijzGNrtEoTYfUGSyfsyqC%2FWouTMSQA9WfzWJkXuZSBFxfomGtGh40kUs4o2OvlOHJKJYF5OeIWuVSCYw%2FrFbYH9UEkLGmMVZf2Kg9vMlGYS2%2BTBbEEUSEWXDliqVtz%2Bu3kLh8pxsNmKY6Vdce7CwPhvzuAkpK6KzlRJhzdZdomXg4pr8MiMz%2BhCxQ28%2BbTbFy3zfiOP99CqIxlht9tvIc29a%2FecSyMiUeuKlx1FjK5YB8Afz01Xv4g6QmrwMcqOEk4FLTtzbluvxLbN1KPhRHPLYQleretEWF%7Ctkp%3ABk9SR7qtjIb2YA
SAMSUNG Galaxy Z Fold4 5G SM-F936N 256/512GB/1TB Unlocked Foldable ⭐Tracking⭐Opens in a new window or tab,"$1,364.05 to $1,750.89",https://www.ebay.com/itm/354292345028?epid=18055657116&hash=item527d7828c4:g:GQEAAOSwgCZjK8aI&amdata=enc%3AAQAHAAAA4DHq17dvOU3R2wsJEuZh65buXeM9wkjBgdyaJeNZRF1PvVEkpoTBO9MwLLcBUOt1cI99Ag%2FSMQV327FOBrEtsSuqN0hbDst0iWaONR5jJLbh%2BO6iOoO41qTSn12zs4L5iqdtq5eLRJk0%2FhO03UVexQast4GWqoJih4g7o1OYdLKMyK8aPEKm0loO8cIJwiaeXYgxCb5SKFZc36uZ7GFHgvLheEL1i1l3l%2BJcq6ERbDe3IXQLexL%2BUts%2BstVpOKCqiYJPAZ8IT4SePbrzpS3Pf%2BCqL3tFYRLWobYZKiyD1JNG%7Ctkp%3ABk9SR7qtjIb2YA
New ListingSAMSUNG GALAXY S20 ULTRA 5G 128GB COSMIC GREY UNLOCKED + EXTRAS FREE SHIPOpens in a new window or tab,$320.00,https://www.ebay.com/itm/304653334479?epid=21036891491&hash=item46eec0f7cf:g:wOAAAOSwxnxjP46a&amdata=enc%3AAQAHAAAAoBpoMzb5JIYM9ZsZAORjiI6w6AFy98xvEmEflVT53g%2FpXTomnGB%2FWUmHwxl2Wup9%2Fu1XaAKK0uvvNppYx8QJtM0U1N0%2FJwMGKVhh4tz8i2uX9QCsF%2F%2FnCSqxLmwnT55mAQQD671m2z7XX%2Bu%2BOLFouPIMzRy2oL0yI6aTqdoGPWvB2HcSX3evMKIEe9jjaQERkh%2BUGbasSgAyFeS9YTVAiEM%3D%7Ctkp%3ABk9SR7qtjIb2YA
New ListingGALAXY S22 ULTRA 512GB BURGUNDYOpens in a new window or tab,$4.25,https://www.ebay.com/itm/165711905064?epid=13052280684&hash=item2695330128:g:7ZAAAOSw~rJjPuL4&amdata=enc%3AAQAHAAAAkEYfLkfst04wpj%2F8caE4XQpYyfC3WklRruzQOE8XdOqW6p8YkqNUs4Fl%2F7w4734xAKe%2B%2FhakKcErIqxOddgck66ytK2qtekQuYolS8%2FKNoC0UBo2%2Bf5znba0GdIzYp1b%2BEEwYBfvoKzjjSMhxmNDddKGGRGNVhIjwCoc0LL1nmgTG%2BlWxZBtvd9SHMEPrWP2%2Bg%3D%3D%7Ctkp%3ABk9SR7qtjIb2YA
Samsung Galaxy Note 10 + Plus 5G SM-N976B 256/512GB Unlocked Good ConditionOpens in a new window or tab,$342.93,https://www.ebay.com/itm/265311226310?epid=9033744201&hash=item3dc5c809c6:g:UbMAAOSwrNpihfS2&amdata=enc%3AAQAHAAAA4KjjnHUqr62r5IhmUveILjMzOAI4qfiILcxNv%2FDwlMB6HHv%2BYXIV0Tz0DFNttoy7KUXmRfXFHf5NJB0X2VFy7ygp99w9QgFdyuEfzUaFBqDWkD6%2BA4L4ypDr%2FzYzp%2B1b8TYtLPyIgeUgMdOQ5NQeNjnxwq94OwwCIPGkv5FJcjYwrhmm1AuIxvO2QGmGcTNsdgjkNTa3yl453WVdF%2BIV7J9jITTNwOGPSJx8TM03uXWY4ntQZSixdrueqlALtkCKdZMDWUtIyMbaCh30yZb4cGODI52fVPaZro0AicI5iu%2FE%7Ctkp%3ABk9SR7qtjIb2YA
SAMSUNG Galaxy A21s 32GB 4GB Dual Sim 2020 UNLOCKED phone all GRADEsOpens in a new window or tab,$118.0,https://www.ebay.com/itm/325023303425?epid=3039406369&hash=item4bace60701:g:qPYAAOSw9d5h9oPi&amdata=enc%3AAQAHAAAA4P8J1UExn46cuLU8dRpu9mhv2XkyITrujR1J9CzZindzo3NkN%2BNrvDfr1A8VWdhz%2Fh%2BpPbZNaSkoyvqs3SM6TbFBU0Pf%2B6tTDgHFiYZ0yXra%2F3j%2BkXlrCDlBFRwHQXxOGj41OmgUVeNeWhR2nJCtqQni2Df%2BL31i9e0EKKkZ0dPTg%2B8Buo3IrR54Ci8eqxWkoxDC1PVSAF5Y%2FM9vq2CI11QumH5hod%2FjubO9jmNLg6mrgLDKcpsmqwSLnbrMLurZhHhz1iL7KjWBY%2Fe2gDy1vUpzHUW1EC%2FIVzoa%2FjPVOo%2B4%7Ctkp%3ABk9SR7qtjIb2YA
Samsung Galaxy Note 9 N960U 128GB Verizon Factory Unlocked SmartphoneOpens in a new window or tab,$139.99,https://www.ebay.com/itm/325334675201?epid=9025368407&hash=item4bbf752f01:g:zH0AAOSwzp1d8TJ5&amdata=enc%3AAQAHAAAA4CYrwY%2BtVsiuWr%2BkB5BgfF9HXww9wXX0mhik%2F7aA7mp5tcI8avppQ5%2BsNHu9h3sMGbKjcR%2FIzmYk3Bi5gYRapu%2FVqRd5UAIaNnmY%2F550ZgwxHO3bmDNUcm7K9w0kag7ToOVQrkoeHnqIBLTkTwF19atGrqFyQ3VlBaDalrzvkMBqn9BXR2nxyQQtmzpOtDTxVEa%2BdQen2sHfGnU2RSoDIKYunWvL9HSmDDL9wXD3dEClMt0TeVQVcGiDwtQBe%2FRSphHSlOl35TrxffS%2B9FHGI4aqtKYmemIFI%2BzyxCQg2Ei1%7Ctkp%3ABk9SR7ytjIb2YA
New ListingGALAXY S22 ULTRA 256GB BLACKOpens in a new window or tab,$100.00,https://www.ebay.com/itm/165711885603?epid=13052280541&hash=item269532b523:g:Kj0AAOSwEIpjPt0o&amdata=enc%3AAQAHAAAAkAmf%2FiTg8%2BAYSBXXsK0yAD1mTatwSm%2FHImHiHP58rQJlNZbcwD6B4Cu9mZoX%2F9vdS0gyaleDaP8jDz0ZCcWlTWgYZBT11wt8gru1iQX96ORzmkt7Ubedw6sSj%2FTAUupwJmNyj5LPiWnrQwR5MkmCOgzjYUKcgNC8S8qgDvk%2BJnNdJE6xh7Qoa1D8s1w0M1TjdQ%3D%3D%7Ctkp%3ABk9SR7ytjIb2YA
Samsung Galaxy S10e SM-G970U 128GB+6GB Factory Unlocked Smartphone - New SealedOpens in a new window or tab,$237.25,https://www.ebay.com/itm/334564674073?epid=0&hash=item4de59bca19:g:ErsAAOSw00hjJpnJ&amdata=enc%3AAQAHAAAAoH0bLsNaU7sb%2BwdwnvyNVgVZ3AA8hmc3xmGfbLSOEpWOHnlQuFiizTCYwz1VNqC2KOQskIVMRAlhm1OnB1brAnggw%2F2JoLQhVevOMMzerUJa%2BSs5HJVyYVUNzkixzBQxmDkqfrtof2%2B%2BnGwSj%2BjYlIlsf5EylTinPgfVsT8uwh708y8CGmmuqCeNy4wzT0R74X0S7PvP6uFYpHSNkE7HRF8%3D%7Ctkp%3ABk9SR7ytjIb2YA
"Samsung Galaxy A52s 5G SM-A528B/DS ""DUAL SIM"" 128GB Unlocked Good ConditionOpens in a new window or tab",$241.73,https://www.ebay.com/itm/384828732887?epid=4051847929&hash=item59999475d7:g:I~EAAOSwW09iVCnM&amdata=enc%3AAQAHAAAA4NsQ7CtEhYIjw0ZmRQQgm2l%2BrLg%2FXZxeUf9A9IObWVqX3WamSNV8LU%2BNrpk2h3slmHYQYrBDEvy8T1WUwtCQ90dR1ZPff9Nvp8%2FbTgV6iBYKXfuxXR538lwwdYasPB4t%2BuHhbToajRKlsncmfsOolucK59U9T%2FqFgxECWxgnbOpp%2FzC0UEtrVrsuM4fbT3hJvCKU3sTULRSW7FWfXSqXN7hdTgf2HfsnC6vqrDpyWmH5jHcQbDsw6I%2B9gob3RPCN56HzV3ZbxlkdPpVYjSLrStkLibg0ra8Lz2vGGjRcPeWu%7Ctkp%3ABFBMvK2MhvZg
Konvolut Handy Tastentelefone Samsung ArbeitshandysOpens in a new window or tab,$12.32,https://www.ebay.com/itm/265904389060?hash=item3de922fbc4:g:680AAOSwaT5jMWH1&amdata=enc%3AAQAHAAAA4M7AyvZVJO5%2FXxUVQCzJuuruZagk0igtO4jhKtT7htl%2BVMnRVKF3x8wKZW5S3cPUBJRi4eh66IW9SrxDtmPcxZzuv3yA4FG6qPTgB9QYnaqL0j%2FCftLLTN3x%2BN78Rpx%2BTAma8plBB5Kz8nft3Nc40F6%2BuSRIeDBDhzMtEPJO7jQ6vkwyXUFKH6CM1uKVGJoGDvDiN%2BCF0muXwyUpJ4QLOlEgp6SBg7ll%2BuUmH0CByTepGeQt1ho2ahbk%2BAEnrBijrHoYiZQDc0%2BfwJpg7JqkjNZyYVdj50esF4tWws%2Bc6jk3%7Ctkp%3ABFBMvK2MhvZg
Samsung Galaxy Note20 Ultra 5G SM-N986 DS 256/512GB Unlocked Good ConditionOpens in a new window or tab,$528.4,https://www.ebay.com/itm/203759539316?epid=17040081819&hash=item2f7103d474:g:7gMAAOSwBqhhwHpq&amdata=enc%3AAQAHAAAA4CRbHuj6axmmUg9SRcIBWFj6jc6JESQHdLtOmZNtFJuGZTVyO9VYNw6Qaxf9qnz%2FqylNKnQRSb9nbNHxOYKj5tnAbfhgXKhPPy4pPLDgTvExEi52JQZHkh3bpO%2FuKKvg3xuNrocUbXfINKJCzf2S8fB6ygs59JD5IeW525tgLaV5PCUhYppPKH5PJokJ53hMsdtSLYm2wKsbuF8JndZZJtZnGeIEC2jJSl4vhwv3jIOyuPhCgnwR5Qn9ez4b5T6vTK2Gb4gUqunLn7TGVzUXkNnLLVX%2FJ7a0hBlh6mA%2FUHFB%7Ctkp%3ABFBMvK2MhvZg
New ListingSamsung Galaxy Note8 SM-N950 - 64GB - Midnight Black (Unlocked)(Enterprise...Opens in a new window or tab,$150.00,https://www.ebay.com/itm/165711756572?epid=240223757&hash=item269530bd1c:g:3BYAAOSwP2JjN3xh&amdata=enc%3AAQAHAAAAoPUir4KPqqoX81POIRFfC1PPnnkIstyVw8G7OqISNZYDMb6du67eCiiFF1yOr4xn2FZHmqk0ShaWrw2Egph4sy%2B4OFzcO5O5VxQrll0ABZYB6aDVWvuE9Ze4vfAbqOWNoJFKkCO%2FStWlB8GTqLHILWf1y5GXleFSwfyCbfybnDGEiRSH%2Fr%2Fx19Hi4C1rte1Uz%2BmLVLdhApRnf135JB4OOtg%3D%7Ctkp%3ABk9SR7ytjIb2YA
Samsung Galaxy S9+ Plus G965 Verizon + GSM Unlocked 64GB SmartphoneOpens in a new window or tab,$99.99,https://www.ebay.com/itm/324890008231?epid=24036470380&hash=item4ba4f41aa7:g:3M4AAOSw9sZa8Mdv&amdata=enc%3AAQAHAAAA0CUq3kHkvPBQX42PgUFsq3TYmRCe2pnny2jTRtJkYJdSNGhFB84FkjXMo3Y7jBtFRcRtNF%2FzbZADi%2F10uzEpQKR%2BBFK%2FgQIrJidHoXOftwAzWdBZDE8dLJMNGIPFDZp%2BqkMDuHGVsnsWWbB550JzjnIkEe4NASSgvs6m6l2yPULzpgJ5ib6CsqChxQw%2FdKMCJ%2F27082XABpriqaTtwkXmkT%2BMM5z%2Bm6NXdzJFrhsZpMY8KjBhI1nUgRrdt2QG11GRTOycMHTJWyiUfFcvspw%2BPw%3D%7Ctkp%3ABk9SR7ytjIb2YA
New ListingSamsung Galaxy S10 SM-G973F - 128GB - Prism Blue (Unlocked) (Dual SIM) crackedOpens in a new window or tab,$112.44,https://www.ebay.com/itm/385155558196?epid=4029459732&hash=item59ad0f6b34:g:BWkAAOSwI7ljP021&amdata=enc%3AAQAHAAAAoMskZqzffb%2FDC2k%2BErRH4MZK7svxAmQBrj9hnvewBLj0RmHuGnEz1%2F9EckPQyUAlZb5uCeMFf%2BqFucL%2BdEpzpVL1C3Agsoj%2BiDNIpkXCbZ%2BusBdClg%2FOlq9fNbD594LPcHWqe5qgb0mijX1KeeBrk2Ri%2BtddoivnorQHQNioSqWaX4stBsindzDfHQDNEleJ37EmOnMwfgLM11lxrtE8Gqc%3D%7Ctkp%3ABk9SR7ytjIb2YA
Samsung Galaxy S10e SM-G970F DUOS 128GB 6GB RAM Prism Black SmartphoneOpens in a new window or tab,$245.40,https://www.ebay.com/itm/255689031385?epid=23029472365&hash=item3b8840fed9:g:1mUAAOSwfn9jOp7g&amdata=enc%3AAQAHAAAA4DZXvBG2BtzA59kCSOczIKVPFY5M7zBwjM9EUgG6cA5Ak1MxmIWdT1jEpyW%2BElKiVYhSuDLIduOt3K9K7%2Bp2HtlG25vSd5zo86fB7h%2FpWR%2BFfrOxwK2DQ4Em6fxZoWGKOX0kneainC93aTfxUsbivtMKOGO3lvWmjUO9WD6vHlXq9LnUkRFrbtc2s4cpejQqoLZ2g6CvnQMj9VsveOkw%2B5Ne3iPxr3yyqOyoKz8rVnyZ%2FRMH%2FldXMZo7kbNfRR%2FDqSWl0S8UzBRoS9jRxBl2GUmapGVpH2phDuxWHVXAF23L%7Ctkp%3ABk9SR7ytjIb2YA
New ListingSamsung Galaxy s20 128gb cosmic grey Opens in a new window or tab,$112.44,https://www.ebay.com/itm/125549748130?epid=5038322247&hash=item1d3b591fa2:g:HDkAAOSwYGRjPJMX&amdata=enc%3AAQAHAAAAkBL5eji9bg8nIaxnI2g9F5T%2FkNE%2FZ2KcDKgkEdCjolWY7K5jXTJ7KmzTsDCn1%2FB%2BbqAKdYxukIdgNYy53JJOchzmOdrkdar5YlOxHrcuE%2BQokzOCHEbFZpqdF3RIBrs4tWAuAtg818UwiEvH4nIoDNdktSMbd%2F4v95Dm76OcF4%2FvfnpkujUsmc1yxS9lDx32yQ%3D%3D%7Ctkp%3ABk9SR76tjIb2YA
Samsung Galaxy S7 SM-G930F - 32GB - schwarz (Ohne Simlock) Smartphone GUTOpens in a new window or tab,$81.57,https://www.ebay.com/itm/354262669593?epid=220072760&hash=item527bb35919:g:F5wAAOSwNUpjFdDY&amdata=enc%3AAQAHAAAAoBH4gY7YzOsN%2FB1%2BS8rUA15WJg0lrXTwhKK%2FguYa9IKf97wR1HyBKoRj7x7iXKycfg4ZsYCbhtLy6wkTDFud1GINTgFygr3uHRUVwUFqA0AC7kgi2tb1DQFtkw3amx%2B2ZiCR5CJ5LQWRCvllFGy%2Fdj1j96EMaa7FVKiT5LPjGljcsHF0eAx2VLNCOzgtpYqQuVb8P8gZwzHZOCuGhwcOco8%3D%7Ctkp%3ABk9SR76tjIb2YA
Samsung Galaxy S10e/S10/S10+ Plus -  All Colors - Factory Unlocked - GoodOpens in a new window or tab,$119.69 to $149.99,https://www.ebay.com/itm/175327253207?epid=22054991541&hash=item28d25192d7:g:0VAAAOSwAu5i2ApE&amdata=enc%3AAQAHAAAA4AkoIAjeIwGI3SFZZ9EZIxexcaXusdz5mXxteodlFQ3YgxTD8agUxZUiXT9ixFMlC0c9fq4qcsO6ocKCIsTHhHsck96m5JtIB%2F3DKJ5VJhQwQQlgjnPc9IK%2FSwUXNrkvPBcKxUaKJp14TutrUc7SoayWJqO0GpgOvoWvdysEuHWwSHlhfnvi2mSR9WDLYqoMEPP09adyRAW5k4ZDOll%2BTQuBCPhhpYP4KDYRuty3IzLJ6RF6lXVY4kvmWt6jZ7LQTx0jRldnuR%2BUVK%2BComSsz1MoggsekeghiPL9HANbohb%2B%7Ctkp%3ABk9SR76tjIb2YA
New ListingSamsung Galaxy S20 FE 5G SM-G781B/DS - 128GB - Cloud Red (Ohne Simlock)Opens in a new window or tab,$344.94,https://www.ebay.com/itm/234723966928?epid=13041204438&hash=item36a6a37fd0:g:bBEAAOSwIEJjPWlq&amdata=enc%3AAQAHAAAAoMKT74CA%2Bdjt%2BKNRArWdmm%2FXD1RXe1gSQ5GiY4vfK9hkST5Kni1Jb9RTQXS1MlMqxZM2MaLZqFiAH9rkoJeRG9qnIKFSEM43m9oM8jGjTRecXfZrHUehARMSRFoCut%2FXAqahLAgzQup6ZKR4CFrjgxHMZ5PstpE2Lmc5p0fGcWAtxhkEMIBTL0WxOJ9jq9W%2BlN%2BXLgCLHtkKCUSyeWgICV8%3D%7Ctkp%3ABk9SR76tjIb2YA
New ListingSamsung Galaxy S20 FE 5G Cloud Lavender - 128GB - (Unlocked) (Dual Sim) - SEALEDOpens in a new window or tab,$393.53,https://www.ebay.com/itm/325372385381?epid=23044509568&hash=item4bc1b49865:g:vSYAAOSw-5RjP4nR&amdata=enc%3AAQAHAAAA4Cn3VYTeSWHIezURqvqh56HPOBf8ydoaG%2Fkd%2FU0nqtsxjhqhaAL6HBsigb6qwVivhhhWse6h1uYwODPuRyoB2wFCzCPg7KYudcSPXNpn12%2FRQ66GWLHcaXVcdi3ABg%2BBgMkJQfNplrbmWCjDcn4nShJR1ZXumeslqqQV5F%2BKLO2oRbQrnFzXPVmX3m6vIj3QNWZKOaTdEMP4BthvxVcOBcSH%2F6I2%2BEDZYigCC9co1ZktYcTqb1D5PRhYTE%2FblQTDpH%2FyhOWNuHJu5CpIKwbTr%2FHR9Al16ChPLvYXCk3frWHX%7Ctkp%3ABk9SR76tjIb2YA
New ListingSamsung Galaxy S10 Lite - 128GB Dual SIM Unlocked Prism Black - Minor ShadeOpens in a new window or tab,$146.1,https://www.ebay.com/itm/255762851014?epid=17037042338&hash=item3b8ca764c6:g:dIIAAOSw9pVjPvxE&amdata=enc%3AAQAHAAAA4PqUTdJ9YN3l1%2FCuwN5RPZaAhr0hHaxSqbbzeFtHFboeCuV0VGJUv%2BROjVsKEDcdNqyczauky5WSS0cP9kNtkmNpMOz7bhVbNblwaE8wfZAQRW3gW3%2FPkoP7ERChv5yzCHdB1svM7jmftYFbdL%2FOLJ9EkkvZmqR%2BoQlqg%2FRdUg3Cxu6jYSIQd53gB4aZ0ilwkKW2YUm%2BVVTva5Xz2D7gnowa7diACvlHp1q2P6HytG4pE7PWALZUrGAO5uK%2Bzk%2F9l924bh3ALPkKDdeOzvbTwOigbo5%2FYcVU9QFavRuxlhOu%7Ctkp%3ABk9SR76tjIb2YA
Samsung A72Opens in a new window or tab,$157.69,https://www.ebay.com/itm/144753672376?hash=item21b3fdc0b8:g:pCQAAOSwd9VjMDKV&amdata=enc%3AAQAHAAAAkBXEpeYvEzXItHB15Em9UhGEH82CLHpY92vj6ZTH%2FInNhQAdcXGkmMXGv2GUEdm4f2bZf%2BpS5T1%2BjaRmYiVKi2om2TIwUGXcI1E2km52RU6rcOZwyOWeIDsbiaquXYBL%2BLQzKCoQVDEp5wVFMVcjI0%2B90i9jcaIa5tkNVQLttPuLPCjP713qrBCHWr4%2Bv6KQDA%3D%3D%7Ctkp%3ABk9SR76tjIb2YA
New ListingSamsung Galaxy Note10+ SM-N975U - 256GB - Aura Glow (T-Mobile) (Single SIM)Opens in a new window or tab,$350.00,https://www.ebay.com/itm/304653101730?epid=10033751761&hash=item46eebd6aa2:g:QJ0AAOSwb2Ji6kFw&amdata=enc%3AAQAHAAAAoKGIAVA01dWDDt%2BUIQK%2F5YiQkVpoQZ5ZyRwCUYf2RPTWl3lmhA%2FbOd2OEPpuT4gkzZ9%2Fp%2Br5pF51h7P4Mr69Om1LLHYN3xW1HU9fOfWBqY9DKV%2BI8VmOkqw4HBapKw%2FzETCgGHxmbO5HHpEqDClOIol%2BxWzibUjnQXRW15un%2FtVZVThFRZItsfXxqayK6uYxcAVjDfe5wQetCxyDfGEaRDE%3D%7Ctkp%3ABk9SR76tjIb2YA
Samsung Galaxy Note 10 SM-N970F/DS 256GB Unlocked All Colours Good ConditionOpens in a new window or tab,$269.84,https://www.ebay.com/itm/384430955941?hash=item5981dedda5:g:w5oAAOSwLW1ihfS9&amdata=enc%3AAQAHAAAA4Fx5zazWR0m5dVdMKhiQTPSSH5nyzTt2sjTfxH4zSX9YS9%2FVZuy%2BDQs7V04ONWufy9VDusmCH0yw3mqo5LyZj1IcKRmaYZ1qExTLjsiWCxt8PBBVhtnguuM6tJjzcRu0oA0AC%2FleYuM3sgNGgj1EWU8eYXxTVWi50HjTjhUVrkgLjuiGpk%2BkyGJ%2BlvSIkvTej%2F7CP%2F78HIELdefvWq7E2lpx59CgJPUEmPOtAIRzEb3iVfOTwlnv%2Fl%2BTZ4BcsV6cjgKV%2BKaYY3h3TiR%2B03IUdwDRdgRDeNQ5BdIKQA0vLYs7%7Ctkp%3ABFBMvq2MhvZg
Samsung Galaxy Note 8 64GB SM-G950U Black UnlockedOpens in a new window or tab,$79.99,https://www.ebay.com/itm/265919411894?epid=17012555970&hash=item3dea0836b6:g:duAAAOSwQINjPOZ7&amdata=enc%3AAQAHAAAA0Avk5dNJX2LMCNW0zwVpakg8z3UBxq0L9GOME0EjLT%2BubZufJB%2FyFHBspBQcVR4jHykQgebBm0hFgE0kxPjtq9IXltY2ggpoFT9yqqu9q0gEe%2FXhgUAkGaOLJO56eKWCaflD3hy90%2FZ6aD7KolaHh1Zqo5TknNG96RwBXWdovezHM59RdzCDzEW8aQux5oRBUR40BxNaYf7OdKxwAf8Ynyh0lf4J0KYB8nr27oA6FlF%2FqKP2GJRPns8vyzw9WxXM5ZWO3LbTeb8W%2F%2FoTusjAXh0%3D%7Ctkp%3ABFBMwK2MhvZg
Samsung Galaxy S8 Plus 64GB SM-G955W Gray GSMOpens in a new window or tab,$59.99,https://www.ebay.com/itm/265919373931?epid=27025276002&hash=item3dea07a26b:g:rJ4AAOSwCxNjPNwC&amdata=enc%3AAQAHAAAA0LGrrpSMcP2lrDgOyKRdkZdtQIexEnHlmcAv%2BmgNp4jGlbxMDCI%2BKP0TvTJLZo47%2Fh8Ignxd%2FqO50y%2BmTAVlJnEV1MPts%2BTtQb7VTzuDUH2%2FvwjWmwbROqvwyt2T7uxxL6fxDaBouL2hz8Rmslv1aAkFfYcmgU%2Fa7q2xs28LVD5ahYAo2gRYNqmmd7%2BXMcwRi04hbjY05DhS3MEV5Hx8JtVcvpIbQm1v75R1L3cEIfEvib0dXFtz9Gv8cyWncHVD9i%2BFe0tHiwT0s8kSurP9xTM%3D%7Ctkp%3ABFBMwK2MhvZg
Samsung Galaxy S22 Ultra 128GB (Screen Crack)(UNLOCKED)Opens in a new window or tab,$423.79,https://www.ebay.com/itm/374283326659?hash=item57250654c3:g:nGkAAOSwJudjNyIC&amdata=enc%3AAQAHAAAA4OZCtmZc11V2qqOVJP%2B3WMMop8cmDzvkiq%2FDp1NG40SF4SUZH%2Bnt4ehz08tHZJ8yq9tHfaYCKtbvFUA0QUUokYc4QUNec%2FWyueGlLyXAWgQsFrgDQOwt9V%2FocbRvHRFhc%2F7D%2F9f4QqWW6kePFiDatxf0WsxZnmvF14shfjRgE26CAvwoSk6B%2Bhz2cvlyq9XOz6jbFDBOiG0cv4%2BRNaMRDvR6WWt13%2B50JCXXw0XKjr9RhK3Gjy7v7%2BK7tlsD6ZS9tLhD%2BPvJMZl%2BGEpmPSxRmDNxx13P7j0rkG9iCps9nazr%7Ctkp%3ABFBMwK2MhvZg
New ListingSamsung Galaxy S21 Plus 5G SM-G996U - 128GB - Phantom Black Unlocked MobileOpens in a new window or tab,$324.99,https://www.ebay.com/itm/265922830598?epid=20043689450&hash=item3dea3c6106:g:JwAAAOSw0fBjP38p&amdata=enc%3AAQAHAAAAoHT4FSxF0mL%2FH0tdEDc5YP9L7CpE738146LNq2cDDc3vS4ePU7oxWbKdO%2Ba2a614nAFKkoI2jmMAjDeTWPuhd%2B75hMfk1PNe1c6CiNvZX33ZzU5bwe2%2FjH1%2BRQCOffrjByZO%2FyvRjz0GL%2FLcu4FeWTc2zGtL%2BfbPtwEQWbsm%2FzqNhuH4%2BkW0crkoqRNYSHsyOx0FA2wbu8AsVc0sfeyUVZs%3D%7Ctkp%3ABk9SR8CtjIb2YA
New ListingSamsung Galaxy S20 FE 5G Cloud White - 128GB - (Unlocked) (Dual Sim) - SEALED!! Opens in a new window or tab,$393.53,https://www.ebay.com/itm/325372381452?epid=23041210143&hash=item4bc1b4890c:g:BqsAAOSwJudjP4iS&amdata=enc%3AAQAHAAAA4H0r9z9SxtUzzCpMhJKLh%2BcaJWXv68i%2FChVLv0skPj4HErpoPdpWHgEnHjaS9QtZTmKGRUFvmlOOJqMZExHQtkGkq8DYJelErpYngSFZoPszTvcbfoztNdxwm%2Fzkb4WfhIfvlgvTOEYLH4XQhWziy1CPPN0L01bYEzfAG44R6fJJYOPu5LmECRtlUQVdSIa4HkSpajrCZJfeqwQht1t6jAS86uNtQz2rKFHOeO3BCCGoi6YPucyq8DS2uvCf%2FfPkefEX5URiwcxAOCBtf9SJztWPEY77%2B0tLNFwEMA%2Fw9zNG%7Ctkp%3ABk9SR8CtjIb2YA
New ListingSamsung Galaxy Z Flip4 SM-F721U - 256GB - Graphite (Unlocked)Opens in a new window or tab,$650.00,https://www.ebay.com/itm/134267362351?epid=8055657216&hash=item1f42f55c2f:g:kOIAAOSwiRxjGRfG&amdata=enc%3AAQAHAAAA4JWgYNKyQ6QxjLSc9qaTk7v9Gd0DtSnXTHFsJ8HOakLAgqEqre7lrKBs9ERFFjPY10YQTjCjwf%2FBGrrzWtrQTPPxKIoMZOIZos91zdnpM%2FUptjpkrlTBg%2BNCQOBYz%2FRBF59PhIg004Fw3kiHS9DsPYqef%2B%2B0S%2BRINCDMHU6VzD%2FlAlKzgxi3rgjISp%2FSkMeiYLgQ3EGWwx94rG7WZG%2BDeEaM7AsECjifu%2F%2Fd7yrWlizEGqNZyYs5ApHkP9oYKsdkWveO6GkA4Llfs%2FyNaOc4M7FT2tiaB6coOtyd8ySTJcaf%7Ctkp%3ABk9SR8CtjIb2YA
New ListingSamsung Galaxy S10e - 128GB - Prism Black (Unlocked) great condition usedOpens in a new window or tab,$174.28,https://www.ebay.com/itm/295258373244?hash=item44bec53c7c:g:swAAAOSw6uZjPD3s&amdata=enc%3AAQAHAAAAoA401UjsS6p6pZHwTKh2aoZNriDGF84zdHJnPoBvJ1gNH82Zb1QAWO2CVkhXgq077WG2ALyhz2Wbkv4BB9TetNbJfs1UTXS%2BJDetmEwie0v0z%2B%2FWcUMsYsp1um0synSG1KCHogM5Wb6gaPzNgyzD2XWZErFXRmOE2q2Mj32yqq7UllUHZszy7gNYPMHbgCrrnoBkQ5hT1ONCPE%2BD9ybSTSA%3D%7Ctkp%3ABk9SR8CtjIb2YA
New ListingSamsung Galaxy S20 FE 5G SM-G781B/DS - 128GB - Cloud Navy (Three)Opens in a new window or tab,$112.44,https://www.ebay.com/itm/325370732333?epid=12041207454&hash=item4bc19b5f2d:g:oCkAAOSwwwpjPfp2&amdata=enc%3AAQAHAAAAoMv1lFfBlrko%2BGmOZbhgGCgYaHUiJEPqz1b29WlJ21%2B8SErMmNTFh5NrCtfIluJSf1qsI9NCTiMi6KIzDjiB0%2F4OF8CQdCUAuhwiVCCyv5mVyKM54zxY1fC2tfaRoc1H6cf%2F5InPwE%2BwEHggicI6RNCPU1P6HWzN6PaI2ezbF%2FYHNAGl25v%2F1xH%2B6MovVDsZ20tTvFYEUnm6o3yeDJlTnv8%3D%7Ctkp%3ABk9SR8CtjIb2YA
AT&T ATT UNLOCK SERVICE FOR SAMSUNG GALAXY S10 S9 S8 S7 S6 S5 NOTEs ACTIVEOpens in a new window or tab,$9.99,https://www.ebay.com/itm/291665142827?hash=item43e898e42b:g:Xz0AAOSwyXFayB9m&amdata=enc%3AAQAHAAAA0JFzPhHNAD9DI935rjnPPZm7h7SzC7rXQCTeFTHTDl4qSXoa4Sn5XOpplgXsDQPEKaLgmVPZ2aaKtm2Qe84Jq3OJcyXGTj3dag2ANMsXLzmIrr1kB9gymNA99L4vbU%2FH0CfK0BKnZjRWMgcEi4SVHDT3b4BEpCo%2BF7Io6AqnsgvsaR2OgVNcMeJKz4%2FoMYChAyAp5nFox1uJKfArIEmA01iihQX%2BxOLVl412NI%2F1fDX8qcNau16XSEj2uHsgF1eMTq8w7DN0BTUwJ%2FoxUyQl%2Fow%3D%7Ctkp%3ABk9SR8KtjIb2YA
Samsung Galaxy S10+ Plus - 128/512GB Unlocked All Colours Very Good ConditionOpens in a new window or tab,$252.98,https://www.ebay.com/itm/384354307624?epid=5029467511&hash=item597d4d4e28:g:9aQAAOSwwL1h3X6H&amdata=enc%3AAQAHAAAA4EDy5JnwNoYfBKARXaIVn%2FoCmKsNsWoXQtIH%2FgGeqCC8HHXNH4cuaHuZv7v50JqRQWJdskHEtrvzns4GX1VheqTADaYKmUajrGXx4qyDebY7c%2Fnzn1p4yRaDTi5xt57Z8Zowhe1M1uMorkY0OWA0IWFM1IGD2bcou46tKuhtDcGUW28oSHI4F9ouBbpdAmBQ3q2l%2FfyNBFPDCDHCiPQwvQBrgFgfXmcurppZS4MB7z%2FmhxKtToVCXO%2FwoQ7Td%2BO5Z821U3X1dyfAwgXJP0GHPZ0bvmrwwQnP3%2F9R9xVWDubj%7Ctkp%3ABFBMwq2MhvZg
Samsung Galaxy A70 / A71 128GB  Unlocked - Various Colors GRADEsOpens in a new window or tab,$146.17 to $168,https://www.ebay.com/itm/303964527205?hash=item46c5b29a65:g:a~gAAOSwo9dir0iX&amdata=enc%3AAQAHAAAA4L88LuQq3tLnqsHOz846Neq%2FPKz5tV0Zxzles4KB1P9STG29TIg6Ssh65kexMwsTPUCn6UWS9uNv7i6TMnCne8jaLmgObDeqCrxbvGJcaGhJkLu9glJAnHKCEpVybddtjkMvnzZVKbBR1V5V%2FMXPbhDYhEtDfndo4IlSBUVaBSXyAwOdVqrYREVXPJHjAK3MHL0xBvVpoLVB55tcsxCbL6QekK9z%2FCeTUJ9yu8pZb0z0ba9AA511MEttNpcx78G%2FdV%2B7Bt5uA4P0Y6ZsGEZvZmM%2BVE1NWdZYH%2Fl0Csj%2FPPpB%7Ctkp%3ABFBMwq2MhvZg
New ListingSamsung Galaxy S7 SM-G930F - 32GB - Silver (Unlocked) SmartphoneOpens in a new window or tab,$100.00,https://www.ebay.com/itm/165712951846?epid=25020156757&hash=item269542fa26:g:TfUAAOSwnpRjP5Kr&amdata=enc%3AAQAHAAAAoAwS11NmFx1d%2BumqlIQZ%2Fi0IA1r1%2Fbk3FiZuWAAQb0QiiMkBNU4NRnya5I6%2B9mSkG%2BHH%2BvITxwQSW7DM1mxztEeLshfstNpLYg9W4DnRftdDe%2FnCeJKAKlPYaeSgZmNTxo7YXhZLOJAxgZYns8N%2FbKkoVGeB7OHri%2FdzU3pDFQbFcgq5TT2wmrxwxh9kR6hx7%2FdOHRtzA6xpoQ8iHOlGbDg%3D%7Ctkp%3ABk9SR8KtjIb2YA
Samsung Galaxy A51 - 128 GB - Prism Black - (TRACFONE LOCKED)Opens in a new window or tab,$96.99,https://www.ebay.com/itm/134000613798?epid=9047319324&hash=item1f330f19a6:g:slcAAOSw8OtjNf-x&amdata=enc%3AAQAHAAAA4Di%2BGpUg4J%2FZuNPY%2BGOJ00zgnaA4M8dICQ8edrwHdut7ZGJDGEpFESd05yyLmS7qWJ5n6vwMCDqSkyHp7twFHQIJb17yNKdXil3YTOZWeWWmOlmKcvEZ1RF%2BQeVf5lwiCZ62W26%2BVm8X4J8yYND8WiiKOfmZHy87lGDJmj1YGApSYUeBrTTj9WNyfdTP1wRW0RlYOpVQNfUaPc0pp5Ho1XYN8fnctjhaLiYf2MQzC%2BQk3ykyxv0zMJeDOeZXqXDuY7WD5sVjdQCb%2FFL0L44fUP%2B71ywTNve38ugBZ%2B9bMr7A%7Ctkp%3ABk9SR8KtjIb2YA
Samsung Galaxy S21 5G SM-G991B/DS - 128GB - Phantom Pink Opens in a new window or tab,$348.5,https://www.ebay.com/itm/334583627707?epid=24043681093&hash=item4de6bcffbb:g:pVgAAOSwMhRjO-Kf&amdata=enc%3AAQAHAAAA4AbYjNLhy3WjZY7wqeZmAa8OBwmBYS5MrqpNdGVoxzfHEllv%2FkkgMXFXV%2BaPIxA08CtrexwV7datzYWChoQCm5ukBZzgKm66GHMtMCHimvG6eWH5gBJEJzhktjsKK%2FzcU4WF0JG3n0AelZoi1NN7desyjd8MjUMbstW2rgvfLzJXJt8x5VB5FSahrekn5Gk0VTaXxsFrYzMmZMbrt1%2BsG13nT5pyhkhtak%2F5wxWMTdWCGtvcepHPJ71Wtbl6W%2Fl3g3%2FTBIOuFMqqwkpSxcetwYX5%2BvvoWfmewmGHE5TL5BOy%7Ctkp%3ABk9SR8KtjIb2YA
New ListingSamsung Galaxy S21 FE 5G SM-G990B/DS - 128 Go - Graphite (Déverrouillé)Opens in a new window or tab,$285.81$443.50,https://www.ebay.com/itm/275490078229?epid=28051663487&hash=item40247cfe15:g:JKUAAOSw8wVjP0Zq&amdata=enc%3AAQAHAAAAoFEW%2FmRO2ZqBgHAQrGB3P2gwIYlcnulCpXVTaSL0Gwtgf%2Bgu5oL81kEwtgtP4q9n21PTA6DtSom857VEmvqqQhZ01QEccMo%2F2EMtrlvoVqLOCnFVP9c6bJl7n16R%2FV6X3i3%2BPpMrVftNC1ZIgvTxW%2B9Zfe339ZvyI5ogiNHx5lsAGou1AQwm3tcVjnVzfRXTDZoOcJttUiH7wlCSCXgWl8Y%3D%7Ctkp%3ABk9SR8KtjIb2YA
New ListingSamsung Galaxy Note 9 SM-N960W - 128GB - Midnight Black (Unlocked) - Grade COpens in a new window or tab,$56.25,https://www.ebay.com/itm/175439367222?epid=21024233073&hash=item28d9004c36:g:R38AAOSwuJljKAmi&amdata=enc%3AAQAHAAAAkMvkkFOWjeo5uYLVOfRi0Qvyycbv%2FeUZKurfwv7uDbhs1Zy%2FgJ8R2LwCY%2FhzEwGJ5crsxLH3L%2BWSCE2jdPryrWtD3t2c6XbTPJ2eJ2MaBMiaMUljy%2BVA3K7Uqw9KMkrsd6FXdU9gE27t3LOUa5syfIEP2jnR5G8lsvOVETPbAyLjX0CWhlqN%2BZtl8R62gFb%2Fgw%3D%3D%7Ctkp%3ABk9SR8KtjIb2YA
New ListingSamsung Galaxy S21 5G SM-G991U - 128GB - Phantom Gray (Verizon)Opens in a new window or tab,$280.00,https://www.ebay.com/itm/165712946243?epid=28043687665&hash=item269542e443:g:ta4AAOSwszJjP5Js&amdata=enc%3AAQAHAAAAoB9yi1%2FO5%2BZz6iQCgTCMJ%2BhOA8%2Faw%2BijMLZj0iQs89c9REDPejgOgj9GN7gbQP8jaGgILYQXFjRjhCwmqgz%2FNbCwF8yrzNsPQatrU8QiAQLP3g6gL2YI46kIpcC6vxACJT6O66EvlNAEMJLjDes8VjY6ZPPsKP%2Fx1GKR4H4E78%2BdQBJxQyj3mMR2jmOg%2BWPu56fcqEz%2BbYiVJs%2FCxLMGWuY%3D%7Ctkp%3ABk9SR8StjIb2YA
New ListingSamsung Galaxy S21 FE 5G - 128GB - Graphite (Unlocked) VERY GOOD CONDITIONOpens in a new window or tab,$358.68,https://www.ebay.com/itm/403925762794?epid=11051652721&hash=item5e0bda02ea:g:KXYAAOSwAdJjP2xT&amdata=enc%3AAQAHAAAAoBo4VrrIWGn1sKwDke59K2GbKQA%2FdrfrNeLynLY4tOrl2fko%2BUwV8hTBB5YWOy8uGAoZstFrXqHC9fBUBWBdpv6XazUcXKTAzqsACaeQ8gHyiG2XvY%2FezL98xmyDyVsK7oVModZHzA0lpXQMi5g4XguCnHp2K3lvxDpxVnXkYWoXYo9aK5MQdr4LWm4BjB8OFBKNPEDLNq18ufrOdgrf3cA%3D%7Ctkp%3ABk9SR8StjIb2YA
New ListingSamsung Galaxy S20 FE 5G Cloud Red -  128GB - (Unlocked) (Dual Sim) - UK BNIB!!Opens in a new window or tab,$393.53,https://www.ebay.com/itm/325372378474?epid=14054029892&hash=item4bc1b47d6a:g:KgwAAOSwlYpjP4bB&amdata=enc%3AAQAHAAAA4Ce1qEHGFMa%2BHqY7fEOKBn1d%2FTNfV1c1AB3hNX7KGcP6QXsc15Hkn74gOUcLnmYdfgJa%2FyWmW8tnhevxpb5u6VciUWkj3Blwl8CQ3hvxhqS%2BBCN%2FiAgCXA6vDTlpcJQoW5Bl34uBbl3dL9SrlMLgX3HCDic7E86fpqj%2BIAKo5tcUYsdU36oPL%2FbrksuTZ7dl0ZH1%2BrRY528KNaFNbXg4E8Mstyxpayw47dIzX8jx7HUBpHrpQTXAGYVey8t58l%2FYwrfND0dIK4uAMNIVkWLdqLf66o%2BXauqdv3D2syZ1Xp7Y%7Ctkp%3ABk9SR8StjIb2YA
Samsung Galaxy S8 SM-G950F - 64GB - Mitternachts Schwarz (Ohne Simlock) - Lesen!Opens in a new window or tab,$83.67,https://www.ebay.com/itm/195386085174?epid=238667260&hash=item2d7deb0f36:g:KaUAAOSwGDhjN2O7&amdata=enc%3AAQAHAAAAoF43BdqouXZ1L%2F1g%2BP8KLHDNV7%2BnVwk2jQZerW8ciqTEPjntaXOyMHxvZkrKkRwd%2FsN2JsFM7xEBaYHc51M7F0AcBUWHhXu0VdM8yoze8oyFW6h6p8Xy8xLuVR36nJrg5qOtQx6hEraCgxGRU0vTlNIQlKZPoClG8qtyA%2BP0DBBKyWIILlNF3ZExqSVLePahRfbxaBH1iBn82Z2MBjOQmgM%3D%7Ctkp%3ABk9SR8StjIb2YA
Samsung Galaxy S21+ 5G SM-G996B/DS - 128GB - Phantom Violet (Ohne Simlock)Opens in a new window or tab,$295,https://www.ebay.com/itm/314168838422?epid=2314733281&hash=item4925ec0916:g:n10AAOSwosNjNxWi&amdata=enc%3AAQAHAAAAoHIXY90zxt%2F%2BUsjX1V0ACxuJusNuq%2BwcW4GpDgEJG12PQoejrZ%2BFxvuWu8U%2F7fXaTOXNGRTqfk0ZDAGJRleCHEgmfDIXisNonPYAzcPBXnHoJQfA98PAHbRpRi0selIyPfqQlYIClZ58yZXivLJfzJQUkAZjpsdiwg3XpnSL92lYDhU%2BYPchtJZclQMiDX7lX0JZkNpKoDE%2F9P4pgM5wBp0%3D%7Ctkp%3ABk9SR8StjIb2YA
New ListingSamsung Galaxy S22 Ultra SM-S908U - 128GB - Green (Verizon)Opens in a new window or tab,$318.00,https://www.ebay.com/itm/165712586685?epid=22052282733&hash=item26953d67bd:g:OQcAAOSwU~tjPuVa&amdata=enc%3AAQAHAAAAkI5q0G9H76oHJYtZ%2BFdtiKxBx0pgAWScKzJFqtKj0PE8MQXKxXuRKSv1TmeFoKGTzhtcqzfS8N0J03oO%2B7A1cyQUwx17kvuGrHQ770E2w5jv9aLumckGeAMhMpFhLRFKN4kUtp9EHTVFbag0tF3AMQIyZVg9rNW%2FvJII9jPiDDkiPnEKFqo8e0dM5fu1IylrSQ%3D%3D%7Ctkp%3ABk9SR8StjIb2YA
"New ListingSamsung Galaxy Z Fold3 5G Smartphone SM-F926B 7.6"" 256Gb Silver Android UnlockedOpens in a new window or tab",$281.10$674.64,https://www.ebay.com/itm/155193954575?hash=item242247d10f:g:4usAAOSwzc9jPYO5&amdata=enc%3AAQAHAAAAoNRbyBa00CTr%2BfMp8fE5P23N8nLtk97RV9at3WBuKeJAj9wBQZ8FH9SGeomHkTJCfdsNMuJdUzQqe%2Bjm4S8bVtkTqJRKODpS1XLNwO8Qzac5ldgXKdXSZnz7hb9uuk0HtzP6EXh73E22cQl4zSu6hWVOGG6%2BDlzNhrIAlEt58KhtQF4%2FPQht92yk%2FE%2Bs98C3WAPvvsWuwRLov8xUWARvUE8%3D%7Ctkp%3ABk9SR8StjIb2YA
Samsung Galaxy A12 SM-A125F/DSN - 64GB - Schwarz (Ohne Simlock) (Dual SIM)Opens in a new window or tab,$128.11,https://www.ebay.com/itm/403897268380?epid=14043754659&hash=item5e0a27389c:g:tg8AAOSw4z9jKi-Q&amdata=enc%3AAQAHAAAA4MfzrDiipCDkESzGjUbE9jiJq4VIE2I7SebPhmNfvSlajYssqhqJYOYGo6t0xLcrZ4RTl9zUgTAhs8UONpObKz34NsguwsnUHpNAxnuJiPiT0Z4%2FVrJ7yoNp6uvc5APzrcuOlyLzLeuesYvVDXDOt1qcSMDJNjaxd%2FCM40yTHVXz579378wV1qMW5UqIaoDpreMB4UYHAkjJFylAB%2FyfD4ZZ7rq1ioryvT9hUZBxQHLKNMzqG5Molc5W49JwwhAXpEajPqv0nJ%2B4fA2WPwbyPNLXPl3NNIbIsULeqC5j7R7w%7Ctkp%3ABk9SR8StjIb2YA
New ListingSamsung Galaxy Z Fold3 5G SM-F926B/DS - 256GB - Phantom Black (Unlocked)Opens in a new window or tab,$562.20,https://www.ebay.com/itm/165711728568?epid=6048615961&hash=item2695304fb8:g:wo0AAOSwl2JjNjKd&amdata=enc%3AAQAHAAAAoNfVOCU3noVfZCJ1WbE9lN6hYqPK%2BoZukLT%2BYOcx2qT4eWBSrkWxef3trfnhcsZVimMkkvAgegI5O5yTb6NyEoQ9NhaExq04Eo8B1MZpOy73Jit%2BGbOIy7EIFNBMqZjHYlhC07rcyDmunCNoys%2FQEsu3XzFGSzN4Vts4ks3ztCCVJb5UhEaUP%2Bx08zMaBQ2KNUqpQMVLsuneaM1xPy58fOY%3D%7Ctkp%3ABk9SR8StjIb2YA
New ListingSamsung A53 8GB RAM 256GB Storage Black UNLOCKEDOpens in a new window or tab,$449.7,https://www.ebay.com/itm/225194212849?hash=item346e9efdf1:g:A5sAAOSwN6xjOY4T&amdata=enc%3AAQAHAAAAoCAQGtL7ZXNmdz9mkhfacxly7936z5otJ7BDYecGuEPQnEz7xB9oRwKgIjyb%2FG1uPL9N%2FM7viPgpXIwxafTEgDFuL6bwhW2M7bej31ptY7njMcNOTgDVwA1UzumXxmp%2BomxBMU3T53fJzbic7vgLIQMF5JUPSMirvMZyErvHfDY%2BGRK00hKGbpgbTILqc0jPWhZ1%2FbdKzBvMrOquIc6Umeo%3D%7Ctkp%3ABk9SR8StjIb2YA
New ListingSamsung Galaxy S22 SM-S901B/DS - 128GB - Grün (Ohne Simlock)Opens in a new window or tab,$591.33,https://www.ebay.com/itm/284992907784?epid=12052274767&hash=item425ae6aa08:g:RVIAAOSwDr5jP0Yk&amdata=enc%3AAQAHAAAAkLNeHAxIoEYT2N33XOxiO5h99m7qZXhZk7oIqcp%2FGkzGQaAJUDUSCxSlHEqSM4H895P77PqdZW4HEZz0EN6dntWIkloPddzgCOqsRA1CyYzx4FpbEXPInu0C7FQY0txfNix4Ce3wK5hqksnGZEllDPa4%2FR9cJMA8bPNg392bxwL%2BYTpijYNpa3b%2F6%2F9p5t8B%2BQ%3D%3D%7Ctkp%3ABk9SR8atjIb2YA
New ListingSamsung  Galaxy A3 SM-A300FU - 16GB - Platinum Silver (Ohne Simlock) SmartphoneOpens in a new window or tab,$29.57,https://www.ebay.com/itm/134267596469?epid=208544158&hash=item1f42f8eeb5:g:3xMAAOSwe-hjPyBH&amdata=enc%3AAQAHAAAA4HYY9aWLK9gPK2ABaFTt0wwDVvgaJsRLIVSssWcus9CKzROf9SsZyQIJ3thv9qfbfRy12MoSWtLhBGb0pbB8dez%2FZmhz1rdDoEGV5NXwppxpWMdu8kvr5KZJj%2F5jy1%2FhvBP0WMd6chP2Zz5mWhkJThSJ3dUian5763bdbklL6j9kpEkmDk8s1%2B9EhIAVznEEBya7DFyWiYpNuxIwtauGWTDewMzdaB8Flscseudi7dksGeCbqm41OQtCqf3rqnjRKL1WJVe0Cl7wppBN5Esds6Vp7vx3JkPFqWr06p3uKgLD%7Ctkp%3ABk9SR8atjIb2YA
Samsung Galaxy Note 20 Ultra 5g (T-Mobile Locked)Opens in a new window or tab,$340.00,https://www.ebay.com/itm/275488604847?hash=item40246682af:g:anwAAOSwYKFjPc2f&amdata=enc%3AAQAHAAAAoPZGNawkoKMLyMxxzxQgxUipY1jzdkes9kvkxD73ZOgkUNzJY2y8KelqjhKw1CKspGvBBTsyCwmW9S1mQp0K8w9mbNxru9%2FCCQIvKONRjpHe6klRZR5ZcH3KyFphgbgnIUVpR1Ums%2FGtNj36g%2BaRwZYQsjCGW6OCS5ZDI0LZp9uxbt9fveWTqxSd78DafiAOfvgMI%2FVLqpWz62LdqrB%2Bfl0%3D%7Ctkp%3ABk9SR8atjIb2YA
New ListingSamsung Galaxy Z Fold4 SM-F936B - 512GB - GreyGreen (Unlocked)Opens in a new window or tab,"$1,092.85",https://www.ebay.com/itm/304653340510?epid=11055646820&hash=item46eec10f5e:g:~BAAAOSwlV9jP5Kh&amdata=enc%3AAQAHAAAAoIiWkbOazEeBajdKpQhUbncZM09tB90sMyZrao9SzD3DVFhhcOEKhjdiWlxoYeQWRNIjfmtmh5EFASOIrKhmZgGYjgy7mMveVVxqGvkK00prMvrzuwF862A1zlXsPed8PtjsQ%2B8%2FDiTi0Mjx0bX3b5n49MO1zcBW043bFFbdNhMimN1aaaHJwky%2Fz1ww0OQSN2xhv99nDmTG19BBKQhxEZY%3D%7Ctkp%3ABk9SR8atjIb2YA
New ListingSamsung Galaxy S20 128GB Unlocked - Cosmic GreyOpens in a new window or tab,$258.5,https://www.ebay.com/itm/225193844017?epid=23056251686&hash=item346e995d31:g:ekUAAOSw2p9jPvYz&amdata=enc%3AAQAHAAAAoLDkjMSGYBtCt6j9AUqoNWwrj3uc1pJ%2FH2bxjKxqNOIyaNX1R3UZangMil98FAEWvix8Xk%2FNbNymq6mWa1GF94%2FqBbnUBERwtnza7HquqCjJ6B0X1wqH8xKLAPdbNANh906gvWJ3ZlHIjRlOOZdjF2398w%2FbYuux4icIProY1gCYvrinEgGo66fIiL0maqkqtapDSu3WG7kO3O4HJadhKOQ%3D%7Ctkp%3ABk9SR8atjIb2YA
Samsung Galaxy S20 FE  - 128GB - Cloud White (Ohne Simlock)  DisplayrissOpens in a new window or tab,$147.83$177.40,https://www.ebay.com/itm/275481459024?epid=28048189610&hash=item4023f97950:g:WM8AAOSwOZpjNv5x&amdata=enc%3AAQAHAAAAoDDco02j42nSVCfWaSOwygzaWgEk6DVI8ATda8%2B9TvZFhlXyxbwSEcget%2BG8Z3hWIkLkcYkXLUepR2%2Br9LMdL820udglOoC1zK2OpDDIQ3ejQ2lftU8wQJCJ8j5v%2Bi5veK2oF3zVT9jpYuO%2FTwneRkFiGdW7z4%2BV74duD8PCtwtEP0gUfL84IZH81c9TO94FGdYxpxpOFDXDXFK8opP8J2s%3D%7Ctkp%3ABk9SR8atjIb2YA
"New ListingSAMSUNG GALAXY S20 FE G780G 128GB, SNAPDRAGON 865 NAVY DUAL SIM GOOGLE FRP LOCK!Opens in a new window or tab",$281.09,https://www.ebay.com/itm/325372317359?epid=22048187182&hash=item4bc1b38eaf:g:NHQAAOSwKS1iP0Bu&amdata=enc%3AAQAHAAAA4CEGYtTSBUAI3qK6NAaK4zj7v8CPhLfUR2hw2aRuGvOo4oW0nK66L%2BQmfp7uwDd%2FrF6OwqQbvEAiyEOIyjFLUyM6U7tGPdRsiEswL8%2ByJb8JOAfbFDtd0a6FB97%2Bv7N%2Baw8sM3H4PzYpNyBKOdYvx3voaDVp884P18hCQgD1fnttfQ6WMaDkNaOMWMUCJ5QTjEI0O7S97o6RgSUaGFS%2F%2B1VNB4y%2FEJApZ5UWiD128WUBXz9MRpM8Qp40tjwayk1wlDQOz0yqIQ0MgAKc5Ju%2FpRChX5Pyhb%2FbjQ8cwEPS%2BTmA%7Ctkp%3ABk9SR8atjIb2YA
Samsung Galaxy S8 SM-G950F - 64GB - Midnight Black (Vodafone)Opens in a new window or tab,$50.60,https://www.ebay.com/itm/125545454393?epid=236378418&hash=item1d3b179b39:g:Wq8AAOSwn5FjNcNR&amdata=enc%3AAQAHAAAAkFMqla1%2BcBDC%2BWLi36Hz%2BYVwHudJendUdPZvfR5h4jAqwvJATcLWDzl4%2Bsc2gP5ZB53DciIYsit6YmLo3dRI3Rmoj%2Fyvp3Z140C0RqttfSN8SL4MPOV%2Fo3MaEAoaasSHHuyxl%2FhJ93vnKJHapkUY%2F%2FVt%2FOhF5hNkt274FaHr53MwkBNFhYmezYI8V7zjuF689w%3D%3D%7Ctkp%3ABk9SR8atjIb2YA
New ListingSamsung Galaxy A71 SM-A715F/DS WhiteOpens in a new window or tab,$19.34,https://www.ebay.com/itm/185599794231?hash=item2b369c1c37:g:xekAAOSwzx1jCDJ5&amdata=enc%3AAQAHAAAAkJG%2BnnOs3ZFHux2Y%2FqHiiKsfUeXWh1pSEJDwqV6tmT7EIrVjEK68xHqTEUCq4EbvuEp4WESnNNQ0jgZDG0KxlJ4C1NYFeCkDuBjRovL%2FZn9I03t39hR5BfNIpg87ECEPogTUw5C3divlcnkcATjIHee1kpAg47GpcT5pDgd0IW4vVt6AZ3PoGTSHQmvr5dh1Tg%3D%3D%7Ctkp%3ABk9SR8atjIb2YA
New ListingSamsung Galaxy S22 SM-S901U - 128GB - Phantom Black (Unlocked) - NEW Opens in a new window or tab,$400.00,https://www.ebay.com/itm/134267497132?epid=3052289357&hash=item1f42f76aac:g:O60AAOSwGDhjPwho&amdata=enc%3AAQAHAAAAkN3swMOsZGr4WdKweZUQu8EE9Gl%2BHQdn0IIW5NAbjQnd9lGOTpkDPgcnuiYZkU7xft1ypFM0EUPK4wVLIjzBgfNrsKGpzEJQr%2BHN43Is4Gr%2BV0g5UwR5yFvnaYYNQ%2BJIE9mCjJnkRf3n4TMepL9LbXI1KUhwSJxAMURN5TYrzmmHPfN6QLWaQtaQn07p2N7SxQ%3D%3D%7Ctkp%3ABk9SR8atjIb2YA
Samsung Galaxy S22 Ultra 5G SM-S908U1 Factory Unlocked 256GB 512GB - All ColorsOpens in a new window or tab,$899.99 to $974.99,https://www.ebay.com/itm/225044371036?epid=13052280684&hash=item3465b0965c:g:DckAAOSwNkditevk&amdata=enc%3AAQAHAAAA4H7BrvnUwhV3%2BdrnRLFfaQ5mb8V5je8G%2B6tvUwHcLagPUIe7ujksFtbctE7wzvtem09EzRwyZm3P1TpuGEK9u%2FXG7Q%2BQ8vzM3gnDt54AdqVLgUdxxz6T%2BdWZvtTdLDFumAiOwMYygt0MpV4KBLwUk%2BmWxgSjX6W9j1ZXOa6N5hTnzyeYF%2BQcH6zMFoNppWOwba8S3NszMAaBJi5ScvTiaUyM7glkwUcgwaelJKoiOB7%2FXGSjYuImw%2F2E2yye4r%2FkvcpC5DByyrc7E3Suwzs3bAw9cJfO2q9L3uop%2FZwLjelH%7Ctkp%3ABk9SR8itjIb2YA
New Listingsamsung galaxy z fold3 5g unlocked newOpens in a new window or tab,$329.00,https://www.ebay.com/itm/165712252895?epid=18048609610&hash=item2695384fdf:g:bcsAAOSwKsVjNzPq&amdata=enc%3AAQAHAAAAkEFhZlDefFOzVJcM9uO7P53u3uVKFWesJaeOvRdgfc6cyd19pCV0muFhPmPukDRxDOhibxj7mnG5XUJ6n6s6NkBo91twco8YUzlADgOwz90VxPXSqAsef6uQUUowDg98zLp39Fjxx6h3K%2BaQDItVb700dg%2B2fFqjLIznY4uELJuBbINELJ1PytR7%2BFWn0ce%2BZg%3D%3D%7Ctkp%3ABk9SR8itjIb2YA
🔥Samsung Galaxy S22 SM-S901U1-128GB-Phantom Black (Unlocked) *FACTORY SEALED*🔥Opens in a new window or tab,$749.99,https://www.ebay.com/itm/265894348389?epid=3052289357&hash=item3de889c665:g:-c4AAOSwnzhjKTe7&amdata=enc%3AAQAHAAAA4Lfj5mbIUNADZ7wljggJypnD%2BjgTjCVzgvbP6nguMgrY6RSk%2FPLpSxXiCS2%2FdyqxgYboj8ljBopYU0DkAJ7WZM0ArgwtawadkGgFZJf04cJkPlKOlpTGOOlXZ1BCLDDr%2F6fh8xpHxwuahKk5h2TRlS24x9W6QLfSyeOage%2Fa8913q2kmrVvtXMUJgAmITK%2Fp3tLWI7cXaF8C%2F5PhsFZtpKbpCNarvvTJn9alNQaAv0LmuEMch46O5fT8ZxdCkr12XZ6nFSBPx%2FOfhjm6AQ%2F5hWNFFBsgcqHhgiT3jVnxRvo8%7Ctkp%3ABk9SR8itjIb2YA
Samsung Galaxy S9+ Plus G965 Factory Unlocked 64GB Smartphone - Very GoodOpens in a new window or tab,$141.99 to $144.99,https://www.ebay.com/itm/224697402208?epid=243309649&hash=item3451024360:g:3M4AAOSw9sZa8Mdv&amdata=enc%3AAQAHAAAA4EBc193oELyyeDmq8RghM%2Ba4wqaxHUFzog6WtdOYyWc0z7qZTAVVhx3SDEiecSR4lxwS%2Fon3MzSPcXPXM9FVu%2F5SEJL5TbBfuGDsgCDY3qANXzNggr1xVY6fFgsvOQtLd3Oeb7SqYLjgDhAHGnM6BWY9yVwepyZuaVIA0AtxwL0rmesFQ6Hh4z9smELe2iEUhwHIJsNuMWDycXdQwS2fTG95iGsozEWBGUFI%2FKlQlbqdBv1nF0IAE8XAB3OLb6bd4xy%2BZlsC2F0zgpnsW4bD%2BgvZ7hBqoxCwbOdNIDdMKmIU%7Ctkp%3ABk9SR8itjIb2YA
New ListingSamsung Galaxy S21 5G SM-G991U - 128GB - Phantom Gray (T-Mobile) read Opens in a new window or tab,$160.00,https://www.ebay.com/itm/275490051644?epid=8043691369&hash=item40247c963c:g:UuYAAOSwwrpjPuwh&amdata=enc%3AAQAHAAAAoFFM8NB2ka%2Bq2bCxul8DsvValLrsi7ttwc%2BzI4nWu%2Bu6hwnAFjIySU2B%2BuW28Pg11ohi%2B3Mc3g6GpagxlL8suOlx4U74XOsba5kLHIXkl5pSuymIGFmSWvqg8PhvvICWRpP7HyQR45VjI7FFjgr1yEvtuNU97JrQjCBu1j%2BxZhBfuiE%2FDl5e%2FAa7x3draytitgjXNnAF0S71BClmOKiT%2FJU%3D%7Ctkp%3ABk9SR8itjIb2YA
New ListingSamsung Galaxy S21 Ultra 5G SM-G998U - 256GB - Phantom Titanium (Unlocked)Opens in a new window or tab,$235.00,https://www.ebay.com/itm/185608504106?epid=6043698285&hash=item2b3721032a:g:WQkAAOSw1u5jP0qX&amdata=enc%3AAQAHAAAAoJmCTpgByPnxWLUkXhzcW%2FaTL%2BQ%2FNg2iQq0DIfHOwCjJhXtmKachQE7QPydY%2BvqyY%2BQBdhoDpBqCgISnuSe0uHoYIhf3E2CvC9W7CclbaxXXlFgtif0dKVU0WaxSiW9mFdcH%2Bh7JJ1Ug7dN2S11PLELoxojaDLJ%2Fl8yNc3dATAEOa5dzF9VjvZQq5EPxD4tAtcGtJ%2Fuyddd9R6N%2Bo7v058A%3D%7Ctkp%3ABk9SR8itjIb2YA
New ListingSamsung Galaxy S21 Ultra 5G - 128GB - Gray (AT&T) Cracked ScreenOpens in a new window or tab,$200.00,https://www.ebay.com/itm/185608335778?epid=3043693899&hash=item2b371e71a2:g:QJYAAOSwSS1jN2Gm&amdata=enc%3AAQAHAAAAoHaPS8nmtiN1pWG%2FYsWTQM8cMR83tgz3Pm%2BzVogRfO5AkBapfzbIMmoOsSIxiGO0Tbav11gP2MLcKTZmgl%2FM%2BsQ%2FdBdT1sK4fxl7%2B82Br4vw3X1viIt7kXa%2F3pv4hbZLag8mD3Y32a1cHn9ZDcwMAlgTJWOhTi6NTgzxSWnqMkm6%2BHM%2FwtWsXhJBEW477IULQj0n%2BZvnTkkCFVG%2FHQejjtY%3D%7Ctkp%3ABk9SR8itjIb2YA
Samsung Galaxy S10 128GB SM-G973 Unlocked  Fully Functional With AccessoriesOpens in a new window or tab,$201.62,https://www.ebay.com/itm/114414584078?epid=3029474417&hash=item1aa3a4010e:g:WVwAAOSw2W1czKNv&amdata=enc%3AAQAHAAAAoOdXVLWTa%2FhOuma7%2Fuahs7W8xSdBPsWa5ezbkjVAEZP71ATsh7ujw0NVzfCrDporp32fcE8VuiF1fMjgHwSACSpsMkZYnZbQ4lzft3s9EhtxLRZ5YIffgc61TUOcBOVQs6sqoh4x5jVCDZgjEOS%2FGsFEZfbfmjB0UCo%2BYDZHea96vIviRWLUQexyjynGFMXXfNmDtz1FuM1uxP2yU2HzBVY%3D%7Ctkp%3ABk9SR8itjIb2YA
Flip Leather Phone Case for Samsung S21 5G A12 S20 S21 FE  Magnetic Wallet CoverOpens in a new window or tab,$7.8,https://www.ebay.com/itm/275140684646?hash=item400fa9ab66:g:lb4AAOSwbvJh8cxU&amdata=enc%3AAQAHAAAA4G%2Bnwsk5qoKN%2BA%2FL1ZnkXVmSyV%2BHa5nqJCG05NtaIxYI3hR%2F0mjJdECB0wOiT%2FFUjaVSOHu%2FmJWuv9RKp3xyWFgNkXcv%2FQ9a04ZYfDwP7TGRm57fjP6SLnN773f1SNQp6nDCCELJlRpDDdv174syXXgfnq2bndKMc9Srl%2F%2BWSWII3CNpZAa97b7wVHsZBbFGt1GCFmgEOCaEzCZy8Tm5HXiqfcQ9E2i0nJeaEbvbyKaKURG7mviYCIyskKOgRXzr5oaVjnyTKXDTQXjrHmSu5tmV7DF5OxhoYopx5g%2F8CPwD%7Ctkp%3ABFBMyK2MhvZg
Case Friendly Tempered Glass Screen Protector For Samsung Galaxy S21 ULTRA 5GOpens in a new window or tab,$8.98,https://www.ebay.com/itm/274821459833?hash=item3ffca2af79:g:FvsAAOSwN8hgoSnf&amdata=enc%3AAQAHAAAA4LQROnUfdoA74FFGMQKuMxfGGey4up8Z70KcVTi9kBhv3L2xm7OFcDJUmJ4%2F%2FNJa%2F9w7L794obJaH%2FoUgLnjaaPUNN1BIjgbliqn0f%2FmaUWw466ModrTtm2dBRcL5Z89GRfIh1kggYgekJ7fLHClIpbvhheuJF%2BSZsX6SuRqun6MYWIx3ElbxDsbrjUFC4v67caa%2BOaUoCAwAeXaSfctnOUC1Kkz9GhYuUVT%2FMTjGXU%2BPBQxpXOVucWwsLr6b%2FTO2B7K3CkwHp5JB%2B88kZ5Oge1w8UqiaPbAm7%2FJ5T9iH2If%7Ctkp%3ABFBMyq2MhvZg
